name,id,longitude_deg,latitude_deg
Station,NOID,76.9523773,8.4866264
Station,NOID,86.4286452,23.7914633
Station,NOID,75.9196451,14.4680009
Station,NOID,80.2769887,13.0795588
Station,NOID,80.2726952,13.0806174
Station,NOID,80.2824177,13.0826973
Station,NOID,80.2819713,13.1089141
Station,NOID,80.2712883,13.1020947
Station,NOID,74.0020942,18.4573138
Station,NOID,73.9544701,18.4728289
Station,NOID,74.0642677,18.4628503
Station,NOID,74.1182559,18.4257866
Station,NOID,74.1870429,18.4138785
Station,NOID,74.1716540,18.2871869
Station,NOID,74.1554946,18.3842914
Station,NOID,73.7647280,18.6486752
Station,NOID,73.7917363,18.6403474
Station,NOID,73.8327748,18.5808457
Station,NOID,73.8208504,18.6081174
Station,NOID,73.8019932,18.6231854
Station,NOID,84.8682074,19.3306056
Station,NOID,74.1369618,18.4937216
Station,NOID,76.9234491,15.1456061
Station,NOID,67.3250771,29.8639228
Kurduvadi Junction,KWV,75.4179596,18.0918330
Palghar,PLG,72.7718901,19.6989241
Atari,ATT,74.6076255,31.5945777
Doraha,DOA,76.0437233,30.8040813
Nilaje,NIIJ,73.0803710,19.1546446
Chintadripet,MCPT,80.2738180,13.0744312
Greenways Road,GWYR,80.2525988,13.0214775
Kotturpuram,KPTM,80.2484402,13.0145652
Indira Nagar,INDR,80.2498100,12.9958128
Taramani,TRMN,80.2410567,12.9786135
Perungudi,PRGD,80.2320097,12.9758476
Velachery,VLCY,80.2194914,12.9672930
Bangalore Cantonment,BNC:1,77.5980486,12.9938531
Mandaveli,MNDY,80.2605783,13.0278907
Thirumayliai,MTMY,80.2674139,13.0352610
Lighthouse,MLHS,80.2767302,13.0449287
Chetpet,MSC,80.2426015,13.0741218
Kasturibai Nagar,KTBR,80.2478338,13.0062997
Thiruvanmiyur,TYMR,80.2515797,12.9888263
Dwarka,DWK,77.0227861,28.6149318
Station,CMP,80.1410589,12.9515795
Station,TLM,80.1657407,12.9802267
Station,PZA,80.1880450,12.9906065
Station,STM,80.1993886,12.9948952
Station,MN,80.1749398,12.9845195
Station,PV,80.1524000,12.9679000
Ghaziabad,GZB,77.4280562,28.6530641
Dankuni,DKAE,88.2907291,22.6779770
Sealdah,SDAH,88.3711047,22.5679661
Bengaluru East,BNCE,77.6180392,13.0014847
Bellandur Road,BLRR,77.7073017,12.9373180
Station,GDY:2;3,80.2127080,13.0083355
Tambaram,TBM,80.1204848,12.9269774
Kanchipuram,CJ,79.7052303,12.8484576
Hoshiarpur,HSX,75.9058745,31.5244576
Chengelpet Suburban,CGL,79.9809874,12.6933789
Etawah,ETW,79.0209671,26.7872369
Kozhikode,CLT,75.7809589,11.2463579
Badlapur,BUD,73.2384562,19.1668539
Lonavala,LNL,73.4082044,18.7492510
Wellington,WEL,76.7862025,11.3566101
Ketti,KXT,76.7374181,11.3820275
Lovedale,LOV,76.7047401,11.3835806
Vaniyambadi,VN,78.6221127,12.6785270
Khairatabad,KQD,78.4611879,17.4129881
Babatpur,BTP,82.8807152,25.4535250
Kashi,KEI,83.0318039,25.3268078
Varanasi City,BCY,83.0145644,25.3346395
Varanasi Junction,BSB,82.9857925,25.3274546
Sarnath,SRNT,83.0327972,25.3760282
Kaniyapuram,KXP,76.8546509,8.5872074
Manduadih,MUV,82.9723727,25.3003480
Ajni,AJNI,79.0827146,21.1271828
Mangalore Junction,MAJN:1,74.8795068,12.8664586
Mulki,MULK,74.8055330,13.0688824
Badnera Junction,BD,77.7336580,20.8572970
Padil,PADL,74.8941686,12.8751669
Raja Ki Mandi,RKM,77.9966706,27.1946930
Itwari,ITR,79.1217877,21.1576956
Tumsar Road,TMR,79.7521082,21.3423737
Gondia Junction,G,80.1931402,21.4618029
Raj Nandgaon,RJN,81.0378187,21.1010841
Malakpet,MXT,78.4948516,17.3761818
Kacheguda,KCG,78.4995741,17.3893193
Kengeri,KGI,77.4838802,12.9175587
Nayandahalli,NYH,77.5211947,12.9414492
Chikka Banavara,BAW,77.5058564,13.0749263
Jamai Osmania,JOO,78.5183916,17.4119108
Arts College,ATC,78.5199827,17.4186683
Moula Ali,MLY,78.5508100,17.4406614
Bahadurgarh,BGZ,76.9307385,28.7013307
Naihati Junction,NH,88.4176531,22.8870061
Tribeni,TBAE,88.3986415,22.9915968
Prayag,PRG,81.8677005,25.4689167
SaraiChandi Railway Station,syc,81.9935461,25.5389575
Phulpur Railway station,plp,82.0908791,25.5516193
Manauri,MRE,81.6619051,25.4698192
Danapur,DNR,85.0478765,25.5823522
Patna Junction,PNBE,85.1377183,25.6032219
Chaukhandi,CHH,82.8351349,25.3396064
Agra Fort,AF,78.0185149,27.1826580
Allahabad City,ALY,81.8498592,25.4394887
Dahar Ka Balaji,DKBJ,75.7659146,26.9442935
Govind Garh,GVH,75.6459134,27.2402968
Dhaurmui Jaghna,DUM,77.5363631,27.2918920
Nagda Junction,NAD,75.4123267,23.4562425
Dhaulpur,DHO,77.9057484,26.6979012
Hetampur,HET,77.9452007,26.6080500
Shivpuri,SVPI,77.6377714,25.4382360
Anand Junction,ANND,72.9666749,22.5611562
Vishwamitri Junction,VS,73.1788754,22.2844621
Makarpura,MPR,73.1758701,22.2337049
Itola,ITA,73.1571033,22.1503235
Secunderabad Junction,SC,78.5018780,17.4336677
Naroda,NRD,72.6584406,23.0861141
Polur,PRL,79.1303257,12.5102122
Maninagar,MAN,72.6117305,22.9982666
Kappil,KFI,76.6794751,8.7796112
Paravur,PVU,76.6691471,8.8150911
Settigunta,SF,79.3822587,13.8751507
Nagothane,NGTN,73.1406880,18.5408269
Pune Junction,PUNE,73.8744146,18.5288773
Belapur,BAP,73.0390911,19.0189141
Chandigarh,CDG,76.8217564,30.7021115
Dhulkot,DKT,76.7880058,30.3961209
Kurukshetra Junction,KKDE,76.8526746,29.9689758
Nilokheri,NLKR,76.9251545,29.8318459
Gharaunda,GRA,76.9651253,29.5408959
Rathdhana,RDDE,77.0590440,28.9036035
Panipat Junction,PNP,76.9640850,29.3903294
Narela,NUR,77.0854132,28.8464144
Badli,BHD,77.1373488,28.7464910
Holambi Kalan,HUK,77.1023071,28.8014859
Kalka,KLK,76.9320206,30.8386243
Khanna,KNN,76.2235619,30.7089134
Rajpura Junction,RPJ,76.5932098,30.4867373
Goraya,GRY,75.7739075,31.1295803
Tundla Junction,TDL,78.2343067,27.2075063
Sithouli,STLI,78.1868844,26.1466565
Jhansi Junction,JHS,78.5531478,25.4442950
Ammuguda,AMQ,78.5270833,17.4860479
Tirunelveli Junction,TEN,77.7082063,8.7324050
Tenkasi,TSI,77.3072239,8.9642955
Shengottai,SCT,77.2418907,8.9874468
Jaisalmer,JSM,70.9265571,26.9151973
Odhaniya Chacha,OCH,71.7237121,26.9709637
Ashapura Gomat,AQG,71.8903518,26.9492908
Pokharan,POK,71.9217710,26.9309862
Ramdevra,RDRA,71.9304396,27.0069550
Samrau,SRK,72.7218235,26.8667931
Kolayat,KLYT,72.9545081,27.8352220
Lalgarh Junction,LGH,73.3143261,28.0437017
Bikaner Junction,BKN,73.3162188,28.0141354
Nokha,NOK,73.4762588,27.5547103
Nagaur,NGO,73.7233966,27.1999383
Marwar Mundwa,MDW,73.8160919,27.0628580
Munabao,MBF,70.2772430,25.7436028
Besroli,BSRL,74.5615210,26.9912253
Thathana Mithri,THMR,74.8986398,27.0548214
Saradhna,SDH,74.5664863,26.3403296
Piplaj,PPF,74.3800786,26.1667875
Beawar,BER,74.3132051,26.1076485
Charbhuja Road,CBG,73.9213014,25.3007053
Jalor,JOR,72.6341630,25.3546763
Marwar Bhinmal,MBNL,72.2772769,25.0015300
Bhildi Junction,BLDI,72.0100423,24.1949077
Santalpur,SNLR,71.1822358,23.7598369
Piprala,PFL,71.0945780,23.6498378
Samakhyali Junction,SIOB,70.5029738,23.3098312
Attur,ATU,78.5925939,11.5952414
Dharmapuri,DPJ,78.1542475,12.1256327
Sadulshahr,SDS,74.1727045,29.9026414
Manaksar,MNSR,74.3738713,29.6669593
Hanumangarh Town,HMO,74.3312019,29.5742205
Churu Junction,CUR,74.9665533,28.2887366
Ratangarh West,RXW,74.6102043,28.0727853
Napasar,NPS,73.5641988,27.9812615
Suratgarh Junction,SOG,73.9076120,29.3233486
Loharu Junction,LHU:3;4,75.8029331,28.4270562
Jhilo,JLLO,75.8869695,27.8492908
Narnaul,NNL,76.1233111,28.0445046
Jaswantgarh,JSH,74.4426125,27.6677255
Gulabpura,GBP,74.6557626,25.9025424
Shri Ghasinagar,SHGN,76.6711709,27.1061637
Punalur,PUU,76.9165070,9.0229137
Ponmalai Golden Rock,GOC,78.7104750,10.7918622
Hosur,HSRA,77.8230300,12.7184874
Pugalur,PGR,77.9914702,11.0512588
Dindigul Junction,DG,77.9852640,10.3533568
Omalur,OML,78.0450908,11.7382737
Devarapalli,DPE,77.5119330,13.7237673
Malugur,MLU,77.5414984,13.8916836
Bardoli,BIY,73.1049408,21.1338185
Tiruvallur,TRL,79.9126371,13.1161699
Vadakara,BDJ,75.5867571,11.5942638
Malleswaram,MWM:1,77.5634966,13.0007075
Agra Cantonment,AGC,77.9906109,27.1590463
Chiplun,CHI,73.5211512,17.5425423
Khed,KHED,73.4107693,17.7123950
Kanwalpura,KIW,75.9828434,24.7806798
Bhawani Mandi,BWM,75.8300843,24.4194915
Vaitarna,VTN,72.8501464,19.5187363
Saphale,SAH,72.8206261,19.5778262
Sikandarpur,SKQ,77.0929924,28.4812824
Sultanpur,SLN,77.1600107,28.4985977
New Delhi,NDLS,77.2233502,28.6430376
Anand Vihar,ANVR,77.3160369,28.6468001
Melattur Railway Station,MLTR,76.2726519,11.0649592
Lajpat Nagar,LPNR,77.2364175,28.5705695
Daliganj,DAL,80.9275723,26.8753418
Lucknow Railway Station,LKJ,80.9243609,26.8311583
Aishbagh,ASH,80.9100165,26.8373901
Lucknow City,LC,80.9180893,26.8593065
Asarva,ASV,72.6128057,23.0439830
Sardargram Railwaystation (SDGM),SDGM,72.6426620,23.0715285
Dabhoda,DBO,72.7446575,23.1653099
Rakhiyal,RKH,72.8988116,23.2535509
Prantij,PRJ,72.8663430,23.4306941
Raigadh Road,RGQ,73.1841567,23.5969885
Shamlaji Road,SJS,73.3429732,23.6342328
Lusadiya,LSD,73.4213199,23.6856457
Jagabor,JO,73.4537802,23.7401432
Bechhiwara,Bechhiwara,73.5350968,23.7876083
Umra,UMRA,73.7721556,24.5229623
Degana Junction,DNA:3;4,74.3171042,26.8972554
Changsari,CGS,91.6940301,26.2615608
New Jalpaiguri,NJP,88.4433218,26.6831979
Roorkee,RK,77.8749412,29.8521060
Kartarpur,KRE,75.4936677,31.4319793
Padubidri,PDD,74.7679110,13.1969920
Innanje,INJ,74.7618225,13.2561917
Bhatkal,BTJL,74.5673020,13.9870120
Karwar,KAWR,74.1827659,14.8199701
Karmali,KRMI,73.9246968,15.4906494
Roha,ROHA,73.1230944,18.4469576
Tirur,TIR,75.9223297,10.9171785
Belgaum,BGM,74.5090650,15.8489677
Patiala,PTA,76.4020417,30.3424648
Katpadi Junction,KPD,79.1371008,12.9723301
Pakala Junction,PAK,79.1151174,13.4510187
Kotala,KEN,79.2945233,13.6115602
Vizianagaram Junction,VZM,83.3957069,18.1114018
Santragachi Junction,SRC,88.2846880,22.5830394
Visakhapatnam,VSKP,83.2900966,17.7212425
Peddadinne,PDNA,77.8296460,16.1239440
Gadwal,GWD,77.8099780,16.2275896
Chigicherla,CCA,77.6837341,14.5177780
Zangalapalle,ZPL,77.6410130,14.5909950
Dharmavaram Junction,DMM,77.7161968,14.4261224
Gooty Junction,GY,77.6258004,15.1495393
Malliyala,MYL,77.7770223,15.3975819
Alampur Road,ALPR,78.0457846,15.9116887
Chettinad,CTND,78.7761995,10.1598976
Pudukkottai,PDKT,78.8015797,10.3696611
Turavur,TUVR,76.3103708,9.7749763
Jalgaon Junction,JL,75.5630360,21.0183053
Ramanagara,RMR,77.2857089,12.7234569
Mahalaxmi,MX,72.8239733,18.9821414
Andheri,ADH,72.8467402,19.1194265
Lower Parel,PL,72.8305819,18.9962130
Diva Junction,DIVA,73.0432052,19.1888270
Kalyan,KYN:7;8,73.1308837,19.2348835
Grant Road,GTR,72.8159299,18.9632894
Station,DEC,77.1159424,28.6126324
Karjat,KJT,73.3206852,18.9100836
Veraval,VRL,70.3708504,20.9124511
Gondal,GDL,70.7956163,21.9729315
Tsakibanda,TKBN,77.1784632,15.1634853
Bevinahalu,BNL,77.2111596,15.1672817
Chakulia,CKU,86.7213758,22.4782986
Londa Junction,LD,74.4965410,15.4494989
Miraj Junction,MRJ,74.6390259,16.8196314
Karad,KRD,74.2151843,17.3117514
Satara,STR,74.0633639,17.6884571
Bhanapur,BNP,76.0391337,15.3866467
Badami,BDM,75.6766390,15.9593122
Bagalkot,BGK,75.7011281,16.1799662
Bijapur,BJP,75.7396897,16.8300181
Latur,LUR,76.5557705,18.4297701
Indara Junction,IAA,83.6164243,25.9868809
Ujjain Junction,UJN,75.7824422,23.1796385
Dewas,DWX,76.0508559,22.9768612
Dharwar,DWR,75.0031496,15.4415707
Bantwal,BNTL,75.0339227,12.8779863
Solapur,SUR,75.8931925,17.6639506
Bharoli,BHRL,75.6167517,32.2713565
Pathankot,PTK,75.6478063,32.2720668
Bari Brahman,BBMN,74.9164917,32.6388452
Udhampur,UHP,75.1540770,32.9261838
Khadki,KK,73.8404533,18.5641718
Reddigudem,REM,80.0492205,16.4429244
Guntur Junction,GNT,80.4432851,16.3013554
Nalgonda,NLDA,79.2833182,17.0609394
Adoni,AD,77.2743250,15.6177364
Yadagiri,YG,77.1297715,16.7441720
Shahabad,SDB,76.9434676,17.1216980
Station,MWM:2,77.5634443,13.0006863
Carmelaram,CRLM,77.7059369,12.9068184
Nawandgi,NAW,77.4269382,17.2164675
Tandur,TDU,77.5857350,17.2507221
Bidar,BIDR,77.5154288,17.9116497
Rameshwaram,RWM:1,79.3081232,9.2817603
Ratanpura,RTP,83.7444266,25.9219071
Tiruchendur,TCN,78.1174746,8.5023247
Tuticorin,TN,78.1560624,8.8059628
Manamadurai Junction,MNM,78.4533331,9.6836600
Gudur Junction,GDR,79.8453793,14.1484852
Krishnapuram,KPU,78.7744689,14.4962511
Nellore,NLR,79.9898887,14.4619030
Cuddapah,HX,78.8296306,14.4512111
Marikuppam,MKM,78.2645385,12.9153924
Chamarajanagar,CMNR,76.9331345,11.9346624
Puttur,PUT,75.2049635,12.7687786
Munirabad,MRB,76.3356942,15.3083384
Shimoga Town,SMET,75.5840150,13.9436021
Talguppa,TLGP,74.9144728,14.2140954
Ghagwal,GHGL,75.2130177,32.5049677
Mannargudi,MQ,79.4553009,10.6753489
Prashanti Nilayam,SSPN,77.7588476,14.1616245
Tanguturu,TNR,80.0337846,15.3375581
Machavaram,MCVM,80.5420971,16.0260076
Tettu,TTU,80.0058989,15.0424166
Tenali Junction,TEL,80.6403081,16.2417792
Penumarru,PUMU,80.7743860,16.1338884
Mangalagiri,MAG,80.5641885,16.4375782
Repalle,RAL,80.8284574,16.0198770
Vemuru,VMU,80.7426537,16.1778008
Machilipatnam,MTM,81.1386839,16.1716503
Kovvur,KVR,81.7264642,17.0068807
Tadepalligudem,TDD,81.5263882,16.8097985
Chilakalapudi,CLU,81.1623301,16.2129005
Navabpalem,NBM,81.6055778,16.8312213
Godavari,GVN,81.7712704,17.0070200
Mahbubnagar,MBNR,77.9996136,16.7579177
Vikarabad Junction,VKB,77.9099374,17.3381679
Nilambur Road,NIL,76.2543247,11.2786503
Okha,OKHA,69.0766195,22.4717374
Mithapur,MTHP,69.0097713,22.4128019
Bhuj,BHUJ,69.6784427,23.2660728
Siliguri Junction,SLG,88.4136247,26.7239497
New Mal Junction,NMZ,88.7235148,26.8729918
Falakata,FLK,89.1914238,26.5392302
Rangiya Junction,RNY,91.6069800,26.4467608
Dimapur,DMV,93.7283965,25.9071981
Simaluguri Junction,SLGR,94.7586369,26.9181928
Barpathar,BXP,93.8621654,26.1951622
Dibrugarh Town,DBRT,94.9008577,27.4778284
Sapekhati,SPK,95.1676257,27.1128545
Furkating Junction,FKG,94.0017753,26.4647571
Salem Town,SXT,78.1620512,11.6600473
Dhampur,DPR,78.5021975,29.3057506
Najibabad Junction,NBD,78.3363865,29.6037183
Chikjajur Junction,JRU,76.1390642,14.1252370
Jaunpur Junction,JNU,82.6994065,25.7622487
Rayagada,RGDA,83.4103478,19.1767105
Kazipet Junction,KZJ,79.5118595,17.9749783
Chintalpalli,CLE,79.7019789,17.9143325
Kesamudram,KDM,79.8969536,17.6859424
Nekkonda,NKD,79.8044106,17.7947563
Garla,GLA,80.1392949,17.4860901
Itarsi Junction,ET,77.7672810,22.6080995
Bir,BIR,76.5469463,22.0526482
Batala Junction,BAT,75.1938080,31.8213001
Gurdaspur,GSP,75.4202647,32.0436565
Margherita,MRG,95.6598562,27.2899156
Jogighopa,JPZ,90.5752922,26.2404912
Mariani Junction,MXN,94.3085400,26.6527607
Fazilka,FKA,74.0260747,30.4089359
Fakiragram Junction,FKM,90.1860842,26.3643854
Goalpara Town,GLPT,90.6229849,26.1253816
Dhubri,DBB,89.9775295,26.0224146
Jangam,ZN,79.1540983,17.7245753
Giddalur,GID,78.9259682,15.3795964
Bhimavaram Town,BVRT,81.5171480,16.5477674
Bhimavaram Junction,BVRM,81.5374494,16.5443396
Undi,UNDI,81.4591513,16.5804109
Kurichedu,KCD,79.5719356,15.9126903
Narasapur,NS,81.6992535,16.4451432
Putlacheruvu,PCU,81.1122175,16.4845582
Harpalpur,HPP,79.3343225,25.2905787
Nizamabad,NZB,78.1038920,18.6789957
Tuggali,TGL,77.5307638,15.3112548
Rangapuram,RGM,78.0585560,15.4057806
Nandyal,NDL,78.4708639,15.4692162
Madanapalle Road,MPL,78.5533362,13.6439277
Kalikiri,KCI,78.8000171,13.6436227
Parbhani Junction,PBN,76.7733394,19.2576693
Jalna,J,75.8918897,19.8310637
Kadiri,KRY,78.1669527,14.1108249
Nallacheruvu,NCU,78.1780093,14.0208911
Mudigubba,MGB,77.9949764,14.3495729
Donakonda,DKD,79.4878327,15.8358763
Khandwa,KNW,76.3535852,21.8232560
Latur Road Junction,LTRR,76.8451212,18.5062253
Yedshi,YSI,75.9770884,18.3172848
Gwalior Junction,GWL,78.1819742,26.2161734
Washim,WHM,77.1483006,20.1024688
Purna Junction,PAU,77.0254133,19.1803133
Daund Junction,DD,74.5787472,18.4637955
Kalluru Junction,KLU,77.5814384,14.9249466
Tuni,TUNI,82.5420254,17.3606953
Yerraguntla,YA,78.5337882,14.6433854
Pithapuram,PAP,82.2575660,17.1112762
Nadikudi Junction,NDKD,79.7247952,16.5906894
Karepalli,KRA,80.2711073,17.5109446
Gajraula Junction,GJL,78.2503612,28.8349817
Maikalganj,MINJ,80.3377884,27.7172915
Sitapur Cantonment,SCC,80.7009628,27.5567001
Khalilabad,KLD,83.0536830,26.7753946
Garhmuktesar,GMS,78.0765098,28.7806680
Maghar,MHH,83.1325067,26.7496619
Amroha,AMRO,78.4744250,28.8922603
Bettiah,BTH,84.5214124,26.8055316
Hapur,HPU,77.7787152,28.7392275
Sitapur City Junction,SPC,80.6801746,27.5840151
Malda Town,MLDT,88.1299053,25.0168233
Ib,IB,83.9482146,21.8165088
Balurghat,BLGT,88.7580544,25.2329494
Bilaspur Junction,BSP,82.1719639,22.0559689
Rewa,REWA,81.2513306,24.5376414
Guna Junction,GUNA,77.3150251,24.6405848
Ratlam Junction,RTM:1,75.0505211,23.3407444
Darbhanga Junction,DBG,85.9074776,26.1545534
Tarsarai,TRS,86.0133470,26.1941695
Kumedpur,KDPR,87.8067134,25.4280430
Kahalgaon,CLG,87.2344166,25.2628048
Kursela,KUE,87.2539168,25.4410507
Station,BJU:6,85.9878688,25.4617330
Ballia,BUI,84.1489076,25.7594059
Shivajinagar,SVJR,73.8512793,18.5326017
Muhammadabad,MMA,83.7476707,25.6371350
Barhaj Bazar,BHJ,83.7308963,26.2840111
Padrauna,POU,83.9827566,26.8975873
Masrakh,MHC,84.8092988,26.1002711
Nautanwa,NTV,83.4213373,27.4274679
Phagwara Junction,PGW,75.7652035,31.2172888
Ghoradongri,GDYA,78.0025185,22.1253704
Hinganghat,HGT,78.8342662,20.5418572
Ramagundam,RDM,79.4347639,18.7639594
Wangapalli,WP,78.9850414,17.5815910
Wihirgaon,VHGN,79.4412874,19.7246108
Wardha Junction,WR,78.5935988,20.7324292
Warora,WRR,79.0105007,20.2446060
Kalol,KLL,72.5036114,23.2437233
Bonakal,BKL,80.2630414,17.0294851
Faizabad Junction,FD,82.1357988,26.7689954
Janghai Junction,JNH,82.3099519,25.5502284
Shahganj Junction,SHG,82.6798422,26.0612677
Amethi,AME,81.8069900,26.1522706
Rajghat Narora,RG,78.3540816,28.2361806
Chandausi Junction,CH,78.7783801,28.4596517
Mathura Junction,MTJ:5,77.6733024,27.4800512
Bhuteshwar,BTSR,77.6677092,27.5017152
Mathura Cantonment,MRT,77.6849878,27.4910855
Gubbi,GBB,76.9390632,13.3215412
Sanka,SNKR,86.6147759,23.5283809
Balod,BXA,81.2014880,20.7396816
Dalli Rajhara,DRZ,81.0683115,20.5881167
Madhupur Junction,MDP,86.6422975,24.2707847
Giridih,GRD,86.3144844,24.1817376
Rajgir,RGD,85.4150197,25.0327006
Jasidih Junction,JSME,86.6439950,24.5146790
Paharpur,PRP,85.2052104,24.6255201
Bakhtiyarpur Junction,BKP,85.5298681,25.4562148
Bihar Sharif,BEHS,85.5394293,25.2032771
Jaynagar,JYG,86.1346618,26.5894133
Mansi Junction,MNE,86.5552498,25.5091508
Radhikapur,RDP,88.4477800,25.6431375
Babina,BAB,78.4521045,25.2381538
Bina Junction,BINA,78.1837171,24.1710710
Ruthiyai Junction,RTA,77.1805990,24.5352824
Agasod,AGD,78.2177261,24.2348798
Dusi,DUSI,83.8591431,18.3696344
Jakhal Junction,JHL,75.8209198,29.8032833
Budhlada,BLZ,75.5471514,29.9228112
Sangrur,SAG,75.8301705,30.2423830
Mukerian,MEX,75.6117391,31.9421934
Muktsar,MKS,74.5146609,30.4789257
Sikar Junction,SIKR,75.1532120,27.6168661
Ratangarh Junction,RTGH,74.6248091,28.0689193
Mahendragarh,MHRG,76.1481480,28.2811378
Station,HMH:3;4,74.2940668,29.6123477
Rewari Junction,RE,76.6108607,28.2024822
Hanumangarh Junction,HMH:1;2,74.2939393,29.6124551
Ringas Junction,RGS:1;2,75.5634670,27.3728525
Station,RGS:3;4,75.5633573,27.3728997
Chittaurgarh Junction,COR,74.6235745,24.8750854
Chanderia,CNA,74.6300137,24.9394757
Gurla,GQL,75.8861084,25.2713645
Bhilwara,BHL,73.7001734,26.1862810
Station,MJ:5;6,73.6090076,25.7196588
Kasara Railway Station,KSRA,73.4725472,19.6478611
Palakollu,PKO,81.7170486,16.5221339
Rangpara North Junction,RPAN,92.6829983,26.8216897
Tezpur,TZTB,92.7877466,26.6177813
Udalguri,ULG,92.0990314,26.7446389
Dekargaon,DKGN,92.7343485,26.7086354
Bongaigaon,BNGN,90.5605955,26.4786609
Alipur Duar Junction,APDJ,89.5339265,26.5235820
Jalpaiguri,JPG,88.7241211,26.5183244
Haldibari,HDB,88.7819983,26.3387856
Nalbari,NLV,91.4390212,26.4508167
Golaghat,GLGT,93.9616102,26.5090849
Lumding Junction,LMG,93.1770898,25.7502788
Silghat Town,SHTT,92.9299564,26.6074953
Raha,RAHA,92.5272443,26.2320327
Senchoa Junction,SCE,92.6425741,26.3114212
Chaparmukh Junction,CPK,92.5120881,26.2029451
Nagaon,NGAN,92.6982806,26.3482962
Sibsagar Town,SRTN,94.6497922,26.9866347
Moranhat,MRHT,94.9187530,27.1821701
Mirzapur,MZP,82.5692220,25.1346780
Tumkur,TK,77.1017429,13.3337687
Okhla,OKA,77.2755616,28.5431246
Sahibabad,SBB,77.3645169,28.6741241
Orai,ORAI,79.4596778,25.9826717
Katni Junction,KTE,80.4010051,23.8347931
Damoh,DMO,79.4321511,23.8366114
Katni Murwara,KMZ,80.3917098,23.8309248
Singrauli,SGRL,82.6425920,24.2046546
Karak Bel,KKB,79.3402871,22.9915254
Gadarwara,GAR,78.7914392,22.8993574
Bankhedi,BKH,78.5336348,22.7748923
Kareli,KY,79.0674211,22.9321709
Narsinghpur,NU,79.2141259,22.9428270
Dundi,DDCE,80.2174355,23.5578057
Hoshangabad,HBD,77.7169245,22.7529820
Budni,BNI,77.6813410,22.7868916
Chhindwara Junction,CWA,78.9539892,22.0582380
Pendra Road,PND,81.8990005,22.7557672
Chirmiri,CHRM,82.3498026,23.1898407
Tilda,TLD,81.7950044,21.5517491
Bhatapara,BYT,81.9459554,21.7323612
Bijuri,BJRI,82.1196369,23.2512046
Kotma,KTMA,81.9791065,23.2026932
Karonji,KJZ,82.9405283,23.2754182
Katora,KTO,82.6807603,23.3079759
Darritola,DTL,82.3983364,23.2910828
Botad Junction,BTD,71.6659331,22.1830134
Limbdi,LM,71.7898463,22.5657612
Dhola Junction,DLJ,71.7404571,21.8212393
Sadar Bazar,DSB,77.2171119,28.6580648
Dhasa Junction,DAS,71.5181008,21.7825782
Rajula Junction,RLA,71.4814516,21.1022141
Keshod,KSD,70.2517465,21.2978817
Somnath,SMNH,70.4080217,20.8959934
Vasco Da Gama,VSG,73.8120707,15.3960900
Rupnagar,RPAR,76.5334798,30.9723029
Nangal Dam,NLDM,76.3729984,31.3711935
Sitapur Junction,STP,80.7011426,27.5571216
Lakhimpur,LMP,80.7773656,27.9468850
Kathgodam,KGM,79.5466785,29.2666824
Bhojipura,BPR,79.4475825,28.4946940
Haldwani,HDW,79.5334146,29.2156664
Tanakpur,TPU,80.1094977,29.0673127
Bahraich,BRK,81.6074972,27.5821182
Anand Nagar,ANDN,83.2698511,27.0995830
Saharsa Junction,SHC,86.5944396,25.8733416
Bareilly (MG),BRY,79.4101779,28.3356031
Bareilly City,BC,79.4031723,28.3562014
Izatnagar Junction,IZN,79.4210706,28.3889022
Hindaun City,HAN,77.0312771,26.7557490
Bharatpur Junction,BTE,77.4875772,27.2368832
Gangapur City,GGC,76.7269735,26.4682301
Palam,PM,77.0925886,28.5851351
Bijwasan,BWSN,77.0503258,28.5354724
Jagdalpur,JDB,82.0138232,19.0662488
Jeypore,JYP,82.5570029,18.8944267
Kirandul,KRDL,81.2597194,18.6388065
Khopoli,KP,73.3457945,18.7886796
Manchiryal,MCI,79.4493592,18.8791181
Peddapalli Junction,PDPL,79.3923031,18.6135180
Pandurangapuram,PGP,80.7650921,17.7197941
Aswapuram,AWM,80.8042722,17.8319717
Chimalpahad,CMW,80.3832347,17.4934238
Bethampudi,BTPD,80.5286099,17.5294922
Gajulagudem,GLE,80.6594229,17.6110723
Kottarakara,KKZ,76.7657673,9.0003675
Sivaganga,SVGA,78.5006031,9.8545001
Karaikkudi Junction,KKDI,78.7926112,10.0679941
Haldia,HLZ,88.0655019,22.0448620
Chidambaram,CDM,79.7032163,11.3920474
Kundara,KUV,76.6778984,8.9603271
Sholinghur,SHU,79.4860057,13.0143128
Kadiyam,KYM,81.8340590,16.9144182
Tanuku,TNKU,81.6733847,16.7543485
Pulla,PUA,81.3233824,16.8097658
Bhimadolu,BMD,81.2630856,16.8085158
Ashokapuram,AP,76.6357181,12.2738127
Naganahalli,NHY,76.6504010,12.3810978
Banskho,BSKO,76.1682589,26.8574658
Dausa,DO,76.3301616,26.9003069
Jutogh,JTO,77.1225499,31.1013121
Station,GDY:4,80.2128072,13.0082177
Guindy,GDY:1,80.2124998,13.0085147
Cuddalore Port Junction,CUPJ,79.7669948,11.7158383
Tiruppadirippuliyur,TDPR,79.7538208,11.7481258
Kandaghat,KDZ,77.1073695,30.9659823
Salogra,SLR,77.1311660,30.9350756
Solan,SOL,77.0983603,30.9083823
Sonwara,SWO,77.0046946,30.8946397
Jabli,JBL,76.9919916,30.8823850
Koti,KOTI,76.9939761,30.8518140
Taksal,TSL,76.9544300,30.8448193
Barog,BOF,77.0821890,30.8900547
Rajawari,RJI,83.1312395,25.4981088
Sathiaon,SAA,83.2873508,26.0344272
Azamgarh,AMH,83.1617545,26.0390562
Basti,BST,82.7698901,26.8154094
Duliajan,DJG,95.3066176,27.3670976
Hirakud,HKG,83.9053619,21.4798237
Sambalpur Road,SBPD,83.9760114,21.4780033
Ramanathapuram,RMD,78.8375976,9.3585685
Erode Junction,ERD:1,77.7262662,11.3281663
Simhachalam North,SCMN,83.2091798,17.7520275
Duvvada,DVD,83.1508523,17.7029972
Anakapalle,AKP,83.0080606,17.6951277
Thadi,THY,83.0667301,17.6862463
Angul,ANGL,85.1019986,20.8604182
Rairakhol,RAIR,84.3333106,21.0462204
Sambalpur City,SBPY,84.0077028,21.4765488
Talcher,TLHR,85.2011017,20.9316892
Talcher Thermal Powerhouse,TLTM,85.2108670,20.9157972
Talcher Road,TLHD,85.2080328,20.8868117
Jharsuguda Junction,JSG,84.0181128,21.8627175
Upleta,UA,70.2834343,21.7466471
Jamnagar,JAM,70.1178519,22.4683787
Hatia,HTE,85.3086250,23.3094743
Mhow,MHOW,75.7708432,22.5557287
Bhanvad,BNVD,69.7986679,21.9332279
Lalpur,LLR,69.9548315,22.1889630
Station,MYG,73.1204375,22.0506599
Bharwari,BRE,81.4903665,25.5598183
Jalamb Junction,JM,76.5735742,20.8129708
Khamgaon,KMN,76.5720934,20.7078255
Gummidipundi,GPD,80.1239358,13.4087013
Patranga,PTH,81.6261360,26.8251313
Nellore South,NLS,79.9836176,14.4443712
Venkatachalam,VKT,79.9269683,14.3260758
Vedayapalem,VDE,79.9576864,14.4051096
Fatehgarh,FGR,79.6208752,27.3698559
Chinna Salem,CHSM,78.8743248,11.6314243
Kolkata Chitpur,KOAA,88.3841238,22.6012014
Nalwar Station,NW,77.0196475,16.9357450
Wadi Junction,WADI:1,76.9917372,17.0522665
Dudhani,DUD,76.3803773,17.3623934
Gulbarga,GR,76.8251101,17.3145741
Bairagnia,BGU,85.2759646,26.7374482
Talegaon,TGN,73.6723705,18.7350717
Palwal,PWL,77.3419213,28.1519971
Kovilpatti,CVP,77.8726007,9.1823496
Srivaikuntam,SVV,77.9052094,8.6233582
Sivakasi Rail Nilayam,SVKS,77.7889518,9.4630629
Sankarankovil,SNKL,77.5255747,9.1761388
Aruppukkottai,APK,78.1031382,9.5248916
Hathras Qila,HRF,78.0580180,27.5948763
Samastipur Junction,SPJ,85.7865924,25.8593541
Bhadravati,BDVT,75.7032439,13.8424920
Devangonthi,DKN,77.8313764,12.9854609
Kannur,CAN,75.3679446,11.8718128
Sirkazhi,SY,79.7275629,11.2414703
Gudiyattam,GYM,78.9163056,12.9374891
Barkhera,BKA,77.6500818,22.9214048
Misrod,MSO,77.4580224,23.1687784
Betul,BZU,77.9048056,21.8963929
Maramjhiri,MJY,77.8828968,21.9451631
Malkapur Road,MALK,77.9709655,21.9048172
Katol,KATL,78.5896547,21.2633638
Narkher,NRKR,78.5224163,21.4642657
Bhandak,BUX,79.1133185,20.0847310
Station,NCJ:3;4,77.4442191,8.1746829
Tambaram Sanatorium,TBMS,80.1306956,12.9370826
Falaknuma,FM,78.4748988,17.3325488
Nandgaon,NGN,74.6616312,20.3107856
Station,HTZ,85.9883910,25.3673880
Sanchi junction,SCI,77.7358040,23.4878884
Raichur,RC,77.3396461,16.1939306
Karimnagar,KRMR,79.1434615,18.4584906
Rajahmundry,RJY,81.7841532,16.9845781
Dehu Road,DEHR,73.7343852,18.6803244
Kamshet,KMST,73.5522673,18.7668488
Hasimara,HSA,89.3472997,26.7269507
Alipur Duar,APD,89.5209785,26.4789636
Galgalia,GAGA,88.1124153,26.5268286
Bijni,BJF,90.7048965,26.4978370
Ledo,LEDO,95.7385859,27.2910998
Digboi,DBY,95.6162333,27.3894204
Gauribidanur,GBD,77.5123447,13.6115906
Gudlavalleru,GVL,81.0516968,16.3404695
Sukna,SN,88.3633030,26.7907232
Station,MAJN:3,74.8794978,12.8662767
Station,VLCY:3,80.2195107,12.9671758
Koduru,KOU,79.3460303,13.9489453
Station,CI,84.7462593,25.7862630
Station,CPR,84.7252866,25.7883653
Thawe Junction,THE,84.3940690,26.4388713
Kadipur,KDQ,83.0910913,25.4483995
Navsari,NVS,72.9133266,20.9480805
Boisar,BOR,72.7616161,19.7988054
Nandurbar,NDB,74.2453224,21.3740055
Hathras City,HTC,78.0545153,27.5998269
Mathura,MTJ,77.6741839,27.4802772
Hathras Road,HTJ,78.1377106,27.6230448
Aligarh Junction,ALJN,78.0748099,27.8888299
Hathras Junction,HRS,78.1370859,27.6246688
Gauriganj,GNG,81.6856679,26.2040152
Gursahaiganj,GHJ,79.7334274,27.1180386
Kannauj,KJN,79.9249069,27.0281287
Bhind,BIX,78.7770842,26.5886199
Bhongaon,BGQ,79.1664690,27.2591980
Rairu,RRU,78.1303142,26.3061321
Sikandra Rao,SKA,78.3883146,27.6843706
Malanpur,MLAR,78.1986144,26.3635527
Molakalmuru,MOMU,76.7458321,14.7097163
Arsikere Junction,ASK,76.2528992,13.3136130
Toranagallu,TNGL,76.6634059,15.2032674
Challakere,CHKE,76.6600396,14.3154458
Koppal,KBL,76.1450829,15.3540250
Anantapur,ATP,77.5952429,14.6863222
Khadarpet,KDT,77.5421974,14.9828517
Station,BJU:2,85.9881618,25.4622239
Station,BJU:4,85.9879790,25.4619237
Barauni Junction,BJU:1,85.9882152,25.4623240
Station,BJU:3,85.9881064,25.4621384
Station,BJU:5,85.9879493,25.4618898
Station,BJU:8,85.9877672,25.4615971
Station,BJU:7,85.9878410,25.4616984
Station,AVP,81.7455367,21.0519344
Bhandara Road,BRD,79.6464809,21.2385137
Sirathu,SRO,81.3198813,25.6486474
Station,QLN,76.5961631,8.8866266
Sitamarhi,SMI,85.5054251,26.5946069
Murtajapur,MZR,77.3550573,20.7365736
Madan Mahal,MML,79.9206102,23.1600288
Kadur Junction,DRU,76.0086105,13.5523280
Chikkamagalur,CMGR,75.7895010,13.3030706
Nalhati Junction,NHT,87.8385316,24.2957866
Jiaganj,JJG,88.2771332,24.2442667
Bhagwangola,BQG,88.3075443,24.3350610
Lalgola,LGL,88.2580509,24.4213532
Murshidabad,MBB,88.2816085,24.1768792
Wadi Junction,WADI:4,76.9920876,17.0523140
Bantanahal,BLL,77.2756437,15.1629285
Station,BPQ,79.3475187,19.8495815
Mul Marora,MME,79.6588768,20.0538719
Chanda Fort,CAF,79.3109956,19.9367903
Baiyyappanahalli,BYPL,77.6518589,12.9910105
Krishnarajapuram Junction,KJM,77.6745544,13.0006100
Whitefield,WFD,77.7614444,12.9960258
Bindki Road,BKO,80.5807667,26.1165351
New Guntur,NGNT,80.4567588,16.3085575
Suraimanpur,SIP,84.4812711,25.8083103
Nagasamudram,NGM,77.6433970,14.3221655
Panruti,PRT,79.5551618,11.7728609
Tiruppur,TUP,77.3392886,11.1088956
Nanpara Junction,NNP,81.5132090,27.8587590
Verka Junction,VKA,74.9322742,31.6662759
Jagadhri,JUD,77.2870041,30.1173969
Khanapur,KNP,74.4994903,15.6377696
Karavadi,KRV,80.1133691,15.5527015
Ammanabrolu,ANB,80.1485929,15.5963749
Ongole,OGL,80.0574103,15.4975372
Anupgarh,APH,73.2046162,29.1967444
Kizhvelur,KVL,79.7450863,10.7546622
Baheri,BHI,79.5005430,28.7781228
Kichha,KHH,79.5197359,28.9154383
Adipur,AI,70.0780099,23.0766542
Aduturai,ADT,79.4823944,11.0117485
Kuthalam,KTM,79.5574508,11.0698874
Mandi Dhanaura,MNDR,78.2614111,28.9528324
Bijnor,BJO,78.1468017,29.3856768
Haldaur,HLDR,78.2751387,29.2905756
Balawali,BLW,78.1115202,29.6281882
Chandok,CNK,78.1527690,29.5771566
Sansarpur,SNRR,80.4767483,28.0831402
Shamli,SMQL,77.3162885,29.4452284
Muzaffarnagar,MOZ,77.7082643,29.4698360
Deoband,DBD,77.6706351,29.6797858
Baraut,BTU,77.2732328,29.0970300
Dhule,DHI,74.7693012,20.8859391
Jamdha,JMD,74.9862812,20.5735883
Shirud,SHF,74.8780701,20.7340410
Mordad Tanda,MWK,74.9158303,20.6798780
Borvihir,BRVR,74.8414634,20.7839818
Rajmane,RM,74.9427221,20.6414393
Tiruchchirappalli Town,TPTN,78.7031411,10.8294056
Station,SKI,86.0788412,26.2088395
Kakarghatti,KKHT,85.9485768,26.1834600
Mariahu,MAY,82.5979649,25.5968769
Kulpahar,KLAR,79.6362813,25.2949923
Barsoi Junction,BOE,87.9235556,25.6510046
Meerut City,MTC,77.6756994,28.9789661
Tori,TORI,84.7401947,23.6815417
Coonoor,ONR,76.7912130,11.3442349
Sultanganj,SGG,86.7349883,25.2414945
Kishanganj,KNE,87.9504082,26.0983450
Tindharia,TDH,88.3332517,26.8521151
Khalari,KLRE,84.9993920,23.6507546
Pathardih Junction,PEH,86.4283104,23.6828600
Sudamdih,SDMD,86.4404980,23.6546788
Mankar,MNAE,87.5547961,23.4203542
Ukhra,UKA,87.2336229,23.6539104
Mantatti,MVH,77.5101671,17.2276997
Doiwala,DWO,78.1221823,30.1758609
Ambikapur,ABKP,83.1436415,23.1367437
Anuppur Junction,APR,81.6960994,23.1176542
Burhar,BUH,81.5285687,23.2126936
Jhalwara,JLW,80.4743371,23.7724181
Jukehi,JKE,80.4321314,23.9858164
Maihar,MYR,80.7639082,24.2565898
Shahdol,SDL,81.3648409,23.2859237
Manendragarh,MDGR,82.1981682,23.2186811
Khurai,KYE,78.3308966,24.0527362
Vidisha,BHS,77.8156476,23.5229752
Sawai Madhopur Junction,SWM,76.3572676,26.0191781
Indargarh,IDG,76.2329739,25.7282357
Boddavara,BDVR,83.1130125,18.1754154
Shivalingapuram,SLPM,83.0667131,18.1972113
Gorapur,GPJ,82.7945433,18.3468034
Bacheli,BCHL,81.2382317,18.7037125
Mahasamund,MSMD,82.1043753,21.1133212
Warangal Junction,WL,79.6052098,17.9731500
Harda,HD,77.1013588,22.3385446
Timarni,TBN,77.2298223,22.3762484
Lalitpur,LAR,78.3958386,24.6888782
Una Himachal,UHL,76.2754856,31.4789533
Samba,SMBX,75.1183893,32.5283000
Nainpur Junction,NIR,80.1094709,22.4258293
Padriganj,PNJ,80.1138546,22.3166477
Murliganj,MRIJ,86.9994999,25.8888030
Dantan,DNT,87.2844350,21.9299686
Anandpur Sahib,ANSB,76.5003390,31.2298381
Siddhapur,SID,72.3679874,23.9182331
Dativli,DTVL,73.0590640,19.1871530
Navaluru,NVU,75.0571989,15.4147545
Kumta,KT,74.4210018,14.4371302
Gokarna Road,GOK,74.3675740,14.5838170
Honnavar,HNA,74.4324448,14.3159693
Nabha,NBA,76.1471905,30.3630561
Paharsar,PRSR,75.4103836,28.7644299
Sidmukh,SDMK,75.2904722,28.8938900
Sadulpur Junction,SDLP,75.3866172,28.6311426
Suratpura,SURP,75.4068401,28.6620721
Jhunjhunun,JJN,75.3901787,28.1068840
Chakdayala,CKDL,75.3052652,32.4793406
Kathua,KTHU,75.5510060,32.3982413
Madhopur Punjab,MDPB,75.5950717,32.3593641
Sujanpur,SJNP,75.6135973,32.3125027
Budhi,BDHY,75.4377443,32.4393844
Chhan Arorian,CHNR,75.3585874,32.4617994
Barpeta Road,BPRD,90.9698049,26.5022058
Pathsala,PBL,91.1742851,26.4972067
Sidlaghatta,IDT,77.8641610,13.3922209
Sangli,SLI,74.5884571,16.8584520
Dundlodh Mukundgarh,DOB,75.2373539,27.9387993
Nim Ka Thana,NMK,75.7794269,27.7419677
Amta,Amta,88.0197125,22.5746327
Jaora,JAO,75.1158250,23.6295291
Nimach,NMH,74.8486340,24.4638146
Nimbahera,NBH,74.6945286,24.6244255
Udupi Railway Station,UD,74.7710217,13.3360878
Baramati,BRMT,74.5780478,18.1537938
Morbi,MVI,70.8313254,22.8245145
Wankaner Junction,WKR,70.9633164,22.6223476
Binnaguri,BNV,89.0537170,26.7470501
Hitech City,HTCY,78.3851526,17.4696885
Chaneti,CHTI,79.4275734,28.3109761
Kasganj,KSJ,78.6461832,27.8019530
Ramganga,RGB,79.3752268,28.2980300
Station,BE,79.4108046,28.3382797
Baran,BAZ,76.5118073,25.0917496
Bhonra,BON,76.1579352,25.1780423
Old Malda,OMLF,88.1435821,25.0530695
Jalal Khali,JKL,88.5140173,23.3471478
Pagla Chandi,PCX,88.3054947,23.7315730
Plassey,PLY,88.2850445,23.7780233
Jalpaiguri Road,JPE,88.7092670,26.5593561
Hindupur,HUP,77.5000873,13.8184645
Bibinagar Jn.,BN,78.7946195,17.4707695
Mansarovar,Harbour line,73.0805407,19.0168573
Malkajgiri,MJF,78.5294322,17.4482841
Dayanand Nagar,DYE,78.5314492,17.4559910
Safilguda,SFX,78.5331229,17.4616200
Kesinga,KSNG,83.2227735,20.1906391
Mallarpur,MLV,87.7252690,24.0776247
Shri Vijainagar,SBNR,73.5236379,29.2404865
Gadag Junction,GDG,75.6424240,15.4367479
Hulkoti,LKT,75.5274169,15.4327916
Harihar,HRR,75.8110859,14.5153996
Bhagega,BAGA,75.7208331,27.6773375
Chitrapur,CTTP,74.5342638,14.0382255
Multai,MTY,78.2614205,21.7832077
Seoni,SEY,79.5458969,22.0750701
Raiganj,RGJ,88.1288608,25.6186834
Sunam,SFM,75.8083282,30.1302003
Kalpi,KPI,79.7567991,26.1208324
Bayana Junction,BXN,77.2964189,26.9160529
Narasaraopet,NRT,80.0406451,16.2301024
Phaphamau Junction,PFM,81.8669503,25.5254241
Tharwai Railway Station,thw,81.9145831,25.5392504
Padugupadu,PGU,79.9904439,14.4990060
Alwar Junction,AWR,76.6216381,27.5608033
Bargarh Road,BRGA,83.6434684,21.3331613
Etah,ETH,78.6537540,27.5720874
Salpura,SYL,76.7344846,24.7701785
Chhabra Gugor,CAG,76.8519071,24.6798454
Lanka,LKA,92.9576495,25.9157407
Hojai,HJI,92.8521037,26.0018224
Radhanpur,RDHP,71.5859535,23.8464825
Korba,KRBA,82.7128135,22.3378428
Krishna,KSN,77.3290046,16.4083982
Phalodi Junction,PLC,72.3667025,27.1255276
Ghosipura,GOPA,78.1524211,26.2127889
Jora Alapur,JPO,77.8021940,26.3446486
Kudachi,KUD,74.8585774,16.6242905
Ugar Khurd,UGR,74.8213532,16.6701722
Marwar Bagra,MBGA,72.5950453,25.2092809
Anjar,AJE,70.0363528,23.1196147
Karaikal,KIK,79.8393635,10.9175072
Hospet Junction,HPT,76.3869935,15.2865104
Khodiyar Mandir,KDMR,72.0048793,21.7395422
Vartej,VTJ,72.0551896,21.7462561
Gandhidham Junction,GIMB,70.1477134,23.0683899
Bhachau,BCOB,70.3499477,23.3040727
Halvad,HVD,71.1834599,23.0184233
Ratnal,RUT,69.9034516,23.1848377
Kalyani,KYI,88.4674179,22.9691591
Akot,AKOT,77.0478933,21.0941797
Dabka,DBKA,76.7206507,21.3576596
Mahe,MAHE,75.5466983,11.6987395
Shri Karanpur,SRW,73.4587125,29.8432701
Burhanpur,BAU,76.1997823,21.3354286
Diphu,DPU,93.4401403,25.8388515
Unnao Junction,ON,80.4874180,26.5491749
Lonand,LNN,74.1902313,18.0404559
Nira,NIRA,74.2080756,18.1050131
Jhagadiya Junction,JGD,73.1493462,21.7267948
Barrackpore,BP,88.3711195,22.7602615
Rohtak Junction,ROK,76.5796368,28.8909642
Puranpur,PP,80.1505788,28.5152290
Chandrapur,CD,79.3001933,19.9602048
Annigeri,NGR,75.4335071,15.4326236
Tiptur,TTR,76.4755796,13.2558720
Bakra Road,BK,72.4890872,25.2133873
Deoghar,DGHR,86.6971868,24.5115678
Dumka,DUMK,87.2551784,24.2897627
Kochuveli,KCVL,76.8969476,8.5101751
Sakleshpur,SKLR,75.7789760,12.9454977
Madurantakam,MMK,79.8932190,12.5043444
Naharlagun,NHLN,93.7082207,27.1295760
Nakachari,NCH,94.4231715,26.7302772
Jamalpur Junction,JMP,86.4931367,25.3149763
Asnoti,AT,74.1477232,14.8765646
Firozabad,FZD,78.3866591,27.1475803
Ulhasnagar,ULNR,73.1632255,19.2180132
Indi Road,IDR,75.9191450,17.2110501
Payyanur,PAY,75.1953617,12.0915452
Sujangarh,SUJH,74.4639126,27.7093350
Sason,SSN,84.0387522,21.5593026
Castle Rock,CLR,74.3339263,15.3984910
Mayakonda,MYK,76.0869529,14.2778403
Surathkal,SL,74.8055181,12.9902598
Mandapam,MMM,79.1573605,9.2807622
Bisalehalli,BLHI,75.9670089,13.4810161
Papanasam,PML,79.2678013,10.9228330
Mantralayam Road,MALM,77.2991575,15.9482315
Kudal,KUDL,73.6778402,16.0175745
Sawantwadi Road,SWV,73.7843027,15.8682329
Hole Alur,HLAR,75.6469498,15.8203492
Kundapura,KUDA,74.7288534,13.6133238
Chandragiri,CGI,79.3122298,13.6118483
Dangoaposi,DPS,85.5955027,22.1679729
Noamundi,NOMD,85.5041645,22.1595918
Didwana,DIA,74.5577149,27.4063603
Khamil Ghat,KBK,73.8664896,25.5559395
Chintakani,CKN,80.2029370,17.1238822
Nagulavancha,NVC,80.2287133,17.0747453
Madhira,MDR,80.3662460,16.9218323
Tondalagopavaram,TNGM,80.4308285,16.8681202
Gangineni,GNN,80.5194811,16.7448808
Errupalem,YP,80.4716710,16.8248425
Cheruvumadhavaram,CVV,80.5438447,16.6853898
Wazerganj,WZJ,85.2316612,24.8137315
Chabua,CHB,95.1717879,27.4811364
Idgah Junction,IDH,78.0008393,27.1734329
Hodal,HDL,77.3866024,27.8883161
Bulandshahr,BSC,77.8479761,28.3926598
Depalsar,DEP,74.9201997,28.2366512
Chirawa,CRWA,75.6506846,28.2233413
Paramakkudi,PMK,78.5905760,9.5396314
Damalcheruvu,DCU,79.0566305,13.4779477
Krishnanagar City Junction,KNJ,88.4935064,23.3885273
Kalinarayanpur Junction,KLNP,88.5739341,23.2071072
Nayudupeta,NYP,79.9010794,13.9086971
Kurumbur,KZB,78.0394502,8.5856941
Gurgaon,GGN,77.0112079,28.4894514
Banka,BAKA,86.9125747,24.8667783
Dhamara Ghat,DHT,86.5993845,25.5909912
Sherekan,SRKN,74.4349909,29.5551980
Pulgaon Junction,PLO,78.3170997,20.7264917
Guraru,GRRU,84.7913490,24.8108871
Gate Karepalli,GKPI,80.2329185,17.4855231
Sandila,SAN,80.5163039,27.0600552
Sanawad,SWD,76.0756694,22.1731123
Nadbai,NBI,77.2067371,27.2133955
Kazipet Town,KZJT,79.5188048,17.9832046
Abohar,ABS,74.1950414,30.1391548
Hindumalkote,HMK,73.9169093,30.1363015
Kailaras,KQS,77.6190649,26.3036397
Mahbubabad,MABD,80.0008918,17.5971125
Sirsa,SSA,75.0344006,29.5400296
Ammasandra,AMSA,76.7151255,13.2652481
Bhokar,BOKR,77.6668259,19.2139814
Habibganj,HBJ,77.4391221,23.2219033
Lunkaransar,LKS,73.7450070,28.4946937
Kanasar,KNSR,73.3279676,28.1397760
Tangla,TNL,91.9031805,26.6569996
Yellakaru,YLK,79.6498068,13.8466787
Pocharam,PCZ,80.2055770,17.4673083
Ballabgarh,BVH,77.3123948,28.3405051
Diplana,DPLN,74.8811229,29.1825726
Tahsil Bhadra,TSD,75.1614542,29.1014361
Ramgarh,RAH,74.9568799,29.1805999
Nohar,NHR,74.7736279,29.1925627
Adarshnagar,AHO,74.6535078,26.4104700
Venkatagiri,VKI,79.6050846,13.9451768
Chirgaon,CGN,78.8067428,25.5758235
Marwar Lohwat,MWT,72.5899099,26.9818203
Chilbila Junction,CIL,82.0035338,25.9545687
Thakurganj,TKG,88.1285351,26.4285063
Aslu,ASLU,75.0752316,28.3689240
Budalur,BAL,78.9809591,10.7831847
Nathdwara,NDT,73.9139851,24.9123044
Channapattana,CPT,77.2039407,12.6594655
Kumbakonam,KMU,79.3893147,10.9534991
Rampur Hat,RPH,87.7818412,24.1789568
Savalyapuram,SYM,79.8198671,16.1024299
Gudivada Junction,GDV,80.9888582,16.4299811
Ambala City,UBC,76.7643603,30.3779246
Mirthal,MRTL,75.6079492,32.1126474
Faridkot,FDK,74.7624057,30.6826386
Eluru,EE,81.1198242,16.7177520
Powerpet,PRH,81.1065984,16.7130012
Nuzvid,NZD,80.9621747,16.6502833
Banspani,BSPX,85.4234561,22.0007672
Ramganj Mandi,RMA,75.9392506,24.6431051
Edduladoddi,EDD,77.5906088,15.3293531
Sangaria,SGRA,74.4664712,29.7930046
Bhurkarka,BKKA,74.7510310,29.2382273
Khinaniyan,KNNA,74.7179571,29.3456372
Salemgarhmasani,SJSM,74.4623857,29.5501093
Pili Bangan,PGK,74.0796184,29.4840534
Banisar,BS,73.8942969,28.0669735
Sudsar,SDF,73.7827601,28.0105773
Arjansar,AS,73.8714650,28.9320020
Malkisar,MLC,73.8649237,28.6446777
Birur Junction,RRB,75.9731786,13.5928214
Bahawalpur,BWPR,71.6519230,29.4032266
Pullampadi,PMB,78.9174934,10.9401938
Sukkur,SUK,68.8669923,27.7006078
Lingampally,LPI,78.3173603,17.4830776
Satrod,STD,75.8214264,29.1075988
Harnaut,HRT,85.5406184,25.3716815
Dhirera,DHRR,73.5982370,28.3612464
Gajsinghpur,GJS,73.4372844,29.6580629
Jaitsar,JES,73.6622526,29.3452099
Mahajan,MHJ,73.8536269,28.7943499
Amarpura,APA,74.0132211,29.4421729
Dabli Rathan,DBI,74.1910088,29.5426063
Rangmahal,RMH,73.9601764,29.3920754
Buglanwali,BUGL,74.2389734,29.7917506
Dhaban,DABN,74.5419291,29.8595545
Dholipal,DPK,74.2516000,29.7608267
Kalyankot,KYNT,73.6007714,29.2746277
Nawan,NAWN,74.3529494,29.6525948
Ramsinghpur,RMSR,73.3750186,29.1747287
Tibi,Tibi,74.5016064,29.5428658
Rajaldesar,RJR,74.4774180,28.0337265
Anupshahr,AUS,75.2112298,28.9479511
Gogameri,GAMI,75.0350757,29.1602440
Bissau,BUB,75.0607764,28.2412343
Fatehpur Shekhawati,FPS,74.9708502,28.0000595
Harpalu,HR,75.4917997,28.5684156
Jerthi Dadhia,JDD,75.2010775,27.7316180
Jhunpa,JUP,75.5135854,28.7659937
Kayamsar,QMRS,74.9939086,28.1009703
Lachhmangarh Sikar,LNH,75.0336365,27.8337360
Nawalgarh,NWH,75.2460832,27.8440174
Nua,NUA,75.2857060,28.0581258
Ramgarh Shekhawati,RSWT,74.9926394,28.1692263
Rampura Beri,RMB,75.6453951,28.5302010
Rasheedpura Khori,RDK,75.0814448,27.7353868
Siwani,SWNI,75.6045250,28.9153038
Ratan Shahr,RSH,75.5239810,28.1581194
Surajgarh,SRGH,75.7342998,28.3016841
Basni,BANE,73.0105831,26.2228592
Bhikamkor,BKC,72.7881268,26.8057081
Mahamandir,MMC,73.0396281,26.3104443
Mandor,MDB,73.0571010,26.3650930
Marwar Mathanya,MMY,72.9790347,26.5329450
Osiyan,OSN,72.8992441,26.7306003
Tiwari,TIW,72.8877427,26.5554588
Barwala,BXC,75.8876254,29.3680776
Dhansu,DNX,75.7999358,29.2081916
Jogi Magra,JOM,73.8190299,26.6984752
Badwasi,BWS,73.6632358,27.3108551
Chilo,CLO,73.5250897,27.4451800
Deshnok,DSO,73.3387386,27.7907641
Deswal,DSL,73.8873594,26.8440509
Khajwana,KJW,73.8614861,26.9231672
Marwar Chapri,MCPE,73.9077634,26.7828685
Palana,PAE,73.2726706,27.8535947
Shri Balaji,SBLJ,73.5375880,27.4169028
Surpura,SPO,73.4426892,27.7072857
Jalsu,JAC,74.1997911,26.8468987
Ren,REN,74.0755195,26.7892346
Balsamand,BLSD,74.4733977,27.5809301
Choti Khatu,CTKT,74.3575032,27.1560597
Khatu,KHTU,74.3311644,27.1151850
Khunkhuna,KKNA,74.4882067,27.2723810
Kiroda,KRC,74.3116721,27.0078544
Ladnun,BOW,74.6733338,27.0293902
Ladnun,LAU,74.4055949,27.6434500
Marwar Balia,MBSK,74.5458701,27.3585782
Naya Kharadia,NYK,74.9367489,27.0384470
Parhihara,PIH,74.5496059,27.9212332
Phulera Junction,FL,75.2462431,26.8733052
Talchhapar,TLC,74.4872893,27.8260856
Hansi,HNS,75.9473687,29.0879896
Kharwa,KRW,74.4263041,26.2040671
Bomadra,BOM,73.4396856,25.7805338
Kairla,KAI,73.1950126,25.8473242
Rohat,RT,73.0959876,25.9215608
Sutlana,SUT,72.9519272,25.9712933
Bhachhbar,BBC,71.0013206,25.7331473
Gagariya,GGY,70.7787734,25.7162018
Balwara,BAWA,72.5545073,25.5021745
Bamsin,BMSN,72.5444286,25.7621342
Bheempura,BIPR,72.3849316,25.1205366
Bishengarh,BISH,72.5750469,25.4484647
Ledarmer,LDM,72.3473348,25.0556222
Malwara,MBW,72.2689769,24.8013953
Marwar Kori,KOF,72.2734035,24.9119772
Marwar Ratanpur,MSQ,72.1427228,24.6778309
Modran,MON,72.4472413,25.1869489
Mokalsar,MKSR,72.5185811,25.6255970
Rakhi,RHI,72.5546382,25.6872707
Raniwara,RNV,72.2045978,24.7510706
Auwa,AUWA,73.5615015,25.6606611
Bejnal,BJN,73.9118293,24.9678035
Devgarh Madriya,DOHM,73.9006736,25.5242180
Goram Ghat,GGO,73.8672885,25.6413439
Kankroli,KDL,73.9053342,25.0340408
Kuanriya,KXA,74.0101073,25.1101410
Lawa Sardargarh,LSG,73.9777596,25.2343373
Marwar Ranawas,MRWS,73.7426306,25.6682046
Soniyana,SNYN,73.9370146,25.0678510
Bijainagar,BJNR,74.6524220,25.9305767
Gangrar,GGR,74.6252959,25.0624056
Hamirgarh,HMG,74.6173053,25.1879111
Mandpiya,MDPA,74.6377644,25.2696299
Mokhampura,MAKH,74.6591841,25.9694676
Rupaheli,RPI,74.6398326,25.8181510
Sareri,SSR,74.6244906,25.6979646
Ghosunda,GSD,74.5345486,24.8712512
Bari Sadri,BI,74.4688887,24.4121060
Gambhiri Road,GRF,74.6711060,24.6945085
Jawad Road,JWO,74.7648665,24.5590813
Shambhupura,SMP,74.6423369,24.7707570
Alniya,ALNI,75.9091761,25.0322155
Dakaniya Talav,DKNT,75.8659939,25.1442796
Dadhdevi,DDV,75.8949188,25.0916866
Dara,DARA,76.0068061,24.8320279
Dhani Kasar,DKQ,75.9327991,24.9876437
Modak,MKX,75.9736878,24.7294547
Ravtha Road,RDT,75.9585550,24.9336057
Dhuankheri,DKRA,75.8904930,24.4926303
Garot,GOH,75.6842662,24.2789395
Jhalawar Road,JHW,75.9202155,24.5422238
Nathukheri,NKH,75.6437682,24.0202251
Shamgarh,SGZ,75.6431765,24.1916834
Suwasra,SVA,75.6485976,24.0699784
Antah,ATH,76.3064721,25.1610194
Atru,ATRU,76.6702277,24.8821307
Bijora,BJK,76.3942765,25.1448813
Chajawa,CJW,76.5811005,25.0095209
Chandresal,CDSL,75.9497078,25.2096009
Digod,DXD,75.9725132,25.2005964
Bhulon,BLO,76.9540162,24.6428047
Kesholi,KOLI,76.7893460,24.7290836
Motipura Chauki,MTPC,77.0494549,24.6093059
Amli,AMLI,76.2860387,25.8280764
Ghataka Varana,GKB,76.1599565,25.5060659
Kapren,KPZ,76.0857163,25.4443424
Keshorai Patan,KPTN,75.9371082,25.3235240
Kushtala,KTA,76.3266584,25.9609745
Laban,LBN,76.2080319,25.5733568
Rawania Dungar,RWJ,76.3137614,25.8893905
Bais Godam,BSGD,75.7896875,26.9019101
Isarda,ISA,76.0180987,26.1902997
Kanakpura,KKU,75.7125920,26.9304918
Badhal,BDHL,75.4509514,27.2513319
Khandel,KNDL,75.2798424,26.9527606
Kishan Manpura,KMNP,75.5052825,27.2995249
Mindha,MNHA,75.3321139,27.1118242
Pacharmalikpura,PCMK,75.3950944,27.2060262
Renwal,RNW,75.3563724,27.1496899
Sanodiya,SFE,75.2808236,27.0153415
Dabla,DBLA,75.9464734,27.8887474
Kanwat,KAWT,75.6761160,27.5871034
Khachera,KHRA,75.6487396,27.5299984
Shri Madhopur,SMPR,75.5984542,27.4579078
Biwai,BW,76.6954099,27.1100021
Jhir,JHIR,76.1157168,26.8525534
Kolvagram,KVGM,76.4691808,26.9898312
Karanpura,KPO,76.7786229,27.1233210
Mandawar Mahwa Road,MURD,76.8506582,27.1560176
Helak,HK,77.3744856,27.2343197
Kherli,KL,77.0372395,27.2000765
Paprera,PPEA,77.3044596,27.2256107
Ajaraka,AIA,76.5643053,27.9599495
Baswa,BU,76.5756828,27.1509190
Chiksana,CIK,77.6574711,27.2009711
Dhigawara,DGW,76.6191845,27.3215857
Ghatla,GAL,76.6301758,27.7365099
Gulana,GLNA,76.5641229,27.1131019
Harsauli,HSI,76.6149933,27.8655192
Khairthal,KRH,76.6418790,27.7975199
Mahwa,MWW,76.6154105,27.4614923
Malakhera,MKH,76.6188991,27.3902263
Parisal,PSL,76.6154983,27.6814211
Rajgarh,RHG,76.6065354,27.2421616
Ranikund Rarah,RKR,77.5557220,27.3243878
Jadoli Ka Bas,JBS,76.8808771,27.5394834
Ootwar,OTD,76.7327782,27.6260796
Bedham,BEDM,77.2094439,27.4540824
Brij Nagar,BINR,77.0898898,27.4394458
Deeg,DEEG,77.3247519,27.4870221
Govind Garh,Govind Garh,76.9874355,27.4995185
Bhaton Ki Gali,BHG,75.7126996,27.1054198
Chhota Gudha,COD,75.5895715,27.3061569
Chomun Samod,COM,75.7025757,27.1578424
Loharwara,LHW,75.6764318,27.1998808
Nindhar Benar,NDH,75.7293135,27.0039747
Jind Junction,JIND,76.2891706,29.3296897
Bawani Khera,BWK,76.0328270,28.9388374
Julana,JNA,76.3952808,29.1211051
Rampura Phul,PUL,75.2360534,30.2684390
Gandhigram,GG,72.5688456,23.0265085
Narwana Junction,NRW,76.1091084,29.5891352
Charlapalli,CHZ,78.6061924,17.4579367
Ghanpur,GNP,79.3762087,17.8499624
Raigir,RAG,78.9416221,17.5511712
Pagidipalli,PGDP,78.8207265,17.4845279
Ghatkesar,GT,78.6783325,17.4530571
Aler,ALER,79.0485254,17.6457664
Bhongir,BG,78.8983453,17.5242815
Raghunathpalli,RGP,79.2565617,17.7571541
Pembarti,PBP,79.1171712,17.6929459
Jhang Sadar,JGH,72.3264330,31.2603506
Panposh,PPO,84.8061306,22.2287574
Shivaji Bridge,CSB,77.2261499,28.6334387
Tilak Bridge,TKJ,77.2379589,28.6275294
Samalkha,SMK,77.0030287,29.2415246
Khajuraho,KURJ,79.8892575,24.7969130
Binaiki,VNK,79.9031003,22.7197702
Pindrai,PDE,80.0467499,22.5122384
Dalgaon,DLO,89.1371707,26.7143829
Pallikona,POA,80.8041972,16.0613262
Bhattiprolu,BQU,80.7882513,16.1051714
Pantnagar,PBW,79.4610163,29.0389739
Keolari,KLZ,79.9091741,22.3751368
Bhitoni,BHTN,79.6734089,23.1424754
Fatuhi,FTH,73.8693210,30.0531829
Kotha Pakki,KTPK,73.9482928,30.1454366
Orki,ORKI,73.8922382,30.0932421
Budhsinghwala,BDSW,74.2226607,29.8317084
Hirnawali,HLW,74.2724165,29.7101206
Katni South,KTES,80.4295301,23.8045872
Urga,URGA,82.7363087,22.2689732
Saragbundia,SRBA,82.7324034,22.2129844
Sihora Road,SHR,80.1101371,23.4670341
Bikrampur,BMR,79.5861727,23.0821188
Sontalai,SQL,77.9501030,22.6132670
Gurra,GRO,77.8692859,22.6321775
Kondapuram,KDP,78.1939687,14.7733698
Mangapatnam,MUM,78.2604785,14.7361955
Garladinne,GDE,77.5926554,14.8271008
Usmanabad,USM,76.0234660,18.2485376
Jagdevwala,JDL,73.4766639,28.3259197
Adilabad,ADB,78.5361442,19.6807520
Himayatnagar,HEM,77.8689831,19.4169777
Kinwat,KNVT,78.2030487,19.6185297
Pimpalkhuti,PMKT,78.5813883,19.8298225
Lamta,LTA,80.1243368,22.1362701
Ranuj,RUJ,72.2134629,23.7605259
Dhinoj,DHJ,72.2818289,23.6706955
Baripada,BPO,86.7359342,21.9343682
Anpara,ANPR,82.7661238,24.2169079
Maholi,MAHO,80.4768288,27.6486483
Karaila Road Junction,KRLR,82.7247714,24.2694887
Khambhaliya,KMBL,69.6579569,22.2178379
Rasra,RSR,83.8583213,25.8613825
Tummanamgutta,TAT,78.3705827,13.7116588
Harippad,HAD,76.4639010,9.2755618
Ambalapuzha,AMPA,76.3627219,9.3862866
Midhakur,MIQ,77.8658223,27.1505289
Dighori Buzurg,DGY,79.2307301,21.1090118
Betamcherla,BMH,78.1484138,15.4492240
Morena,MRA,78.0037548,26.5009502
Banmore,BAO,78.0987650,26.3554559
Sitafalmandi,STPD,78.5199033,17.4278820
Darjeeling,DJ,88.2630060,27.0381051
Bokajan,BXJ,93.7801456,26.0194722
Pavurchatram,PCM,77.3759299,8.9150913
Talwandi,TWB,74.9245153,30.8610954
Subedarganj,SFG,81.7902306,25.4400430
Khaga,KGA,81.1013173,25.7622035
Karbigwan,KBN,80.5060277,26.1979388
Biradhwal,BDWL,73.8967540,29.1743972
Rajiyasar,RJS,73.8422025,29.0674564
Kashipur,KPV,78.9614858,29.2051814
Pernem,PERN,73.8168585,15.7091255
Chandur,CND,77.9825986,20.8037528
Timtala,TMT,77.7953980,20.8122722
Sindi,SNI,78.8832426,20.8156785
Yermaras,YS,77.3473786,16.2727291
Kurali,KRLI,76.5718960,30.8349040
Manubolu,MBL,79.8778215,14.2269683
Sakharayapatna,SHYP,75.9311375,13.4322623
Kanivehalli,KNVH,75.8931104,13.3272807
Harangul,HGL,76.4962814,18.3904910
Varangaon,VNA,75.9015815,21.0101597
Basmat,BMF,77.1515379,19.3335023
Savda,SAV,75.9102047,21.1105013
Dalmau Junction,DMW,81.0544022,26.0756473
Paras,PS,76.8166480,20.7250999
Nandura,NN,76.4603868,20.8386425
Malkapur,MKU,76.2041125,20.8921453
Shegaon,SEG,76.6900221,20.8015790
Intakanne,INK,79.8610855,17.7284600
Tadla Pusapalli,TAA,79.9552664,17.6261174
Yelgur,YGL,79.7473344,17.8613981
Gundratimadugu,GUU,80.0797787,17.5320040
Ippuguda,IPG,79.3272566,17.8016206
Hasanparthy Road,HSP,79.5025134,18.0779041
Jammikunta,JMKT,79.4769810,18.2899432
Potkapalli,PTKP,79.4643450,18.4286729
Bisugir Sharif,BGSF,79.4831019,18.3476310
Uppal,OPL,79.4817360,18.1824557
Kolanoor,KOLR,79.4188985,18.4964252
Peddampet,PPZ,79.4270466,18.8040707
Odela,OEA,79.4492737,18.4563152
Kottapally,KYOP,79.4034074,18.5398231
Ravindrakhani,RVKH,79.4617289,18.9368269
Mandamari,MMZ,79.4700738,18.9701430
Belampalli,BPA,79.4861434,19.0524540
Bidadi,BID,77.3902401,12.8004733
Palia,PLA,80.5825700,28.4264151
Akividu,AKVD,81.3689480,16.5829176
Vellore Town,VT,79.1249525,12.9230907
Modinagar,MDNR,77.5721616,28.8281755
Kaldhari,KLDI,81.6779061,16.8362703
Hilsa,HIL,85.2770406,25.3173575
Rafiganj,RFJ,84.6346325,24.8198158
Tehta,THA,84.9847259,25.1124956
Siuri,SURI,87.5305277,23.8901536
Forbesganj,FBG,87.2622760,26.2988872
Jogbani,JBN,87.2636993,26.4028039
Bhigwan,BGVN,74.7744545,18.3172089
Jinti Road,JNTR,74.8784813,18.3246984
Taherpur,THP,88.5436856,23.2599433
Chatrapathi Shivaji Terminus,CSTM,72.8353405,18.9402011
Sandhurst Road,SNRD,72.8393397,18.9609351
Basai,BZY,78.3942838,25.1427124
Bijrotha,BJA,78.4211582,24.9466116
Dailwara,DWA,78.3933342,24.7805356
Jakhaura,JHA,78.4004814,24.8707647
Jiron,JRO,78.3612937,24.6079576
Matatila,MZX,78.4023797,25.0850045
Talbahat,TBT,78.4143939,25.0391582
Dhaura,DUA,78.3219214,24.4505019
Jakhalaun,JLN,78.3419690,24.5472429
Mohasa,MXS,78.2877641,24.3756427
Karonda,KOA,78.2651192,24.3302172
Bareth,BET,77.9998463,23.9144447
Kalhar,KAH,78.0575201,23.9769764
Ganj Basoda,BAQ,77.9446199,23.8459129
Pabai,PAI,77.9320048,23.7677275
GulabhGanj,GLG,77.9119025,23.6837781
Sorai,SORI,77.8505688,23.5566806
Sumer,SUMR,77.8798975,23.6253811
Anant Paith,AEH,78.2764290,25.9553504
Antri,ARI,78.2269532,26.0356437
Bhadbhadaghat,BVB,77.5354676,23.3748405
Bhopal Junction,BPL,77.4138893,23.2677903
Bijauli,BJI,78.5174923,25.3762402
Birlanagar,BLNR,78.1952532,26.2376759
Dabra,DBA,78.3305079,25.8818881
Datia,DAA,78.4559832,25.6406595
DewanGanj,DWG,77.5924073,23.4286917
Karari,KRQ,78.5088874,25.5307738
Khajraha,KHJ,78.4783676,25.3040736
Kotra,KTRA,78.3810884,25.8112557
Nurabad,NUB,78.0776348,26.4050848
Salamatpur,SMT,77.6724853,23.4609480
Sank,SANK,78.0597694,26.4304728
Sikroda Kwanri,SIKD,77.9631409,26.5695519
Sonagir,SOR,78.4092119,25.7298086
Sukhisewaniyan,SUW,77.4853581,23.3404292
Gohad Road,GOA,78.4085547,26.4680914
Itehar,AAH,78.6720259,26.5618730
Nonera,NNE,78.3059887,26.4264194
Rethorakalan,RAKL,78.2607273,26.3920138
Sondha Road,SCN,78.4841356,26.4983516
Soni,SONI,78.5514835,26.5262514
Ikdori,IKD,76.9517329,26.0543688
Khojeepura,KJP,76.8582195,25.9213851
Milaoli,MIAL,78.1034021,26.3402989
Motijheel,MTJL,78.1422751,26.2501189
Sabalgarh,SBL,77.4085265,26.2507702
Sheopur Kalan,SOE,76.7005131,25.6713626
Sikroda,SKU,77.7330244,26.3397350
Sumaoli,SMV,77.9157006,26.3734323
Badarwas,BDWS,77.5635523,24.9857652
Ghatigaon,GHAI,77.9383120,26.0663746
Kolaras,KLRS,77.5910469,25.2256197
Mohana,MOJ,77.7630295,25.8973398
Panihar,PNHR,78.0230752,26.1049627
Parakheda,PARH,77.6410833,25.7047244
Chachaura Binaganj,CBK,77.0159809,24.1772233
Kumbhraj,KHRJ,77.0789640,24.3626186
Mahugara,MUGA,77.2395746,24.6253825
Pachor Road,PFR,76.7417314,23.7287586
Sarangpur Road,SAPR,76.4877294,23.5811517
Sarangpur,SFW,76.4735986,23.5740539
Udyan Kheri,UDK,76.6287205,23.6710171
Vijaipur,VJP,77.1622607,24.4926550
Shajapur,SFY,76.2978867,23.4253101
Bandikui Junction,BKI,76.5659328,27.0392308
Bassi,BAI,76.0477369,26.8411093
Kanauta,KUT,75.9554005,26.8422037
Khatipura,KWP,75.8910715,26.8361206
Asalpur Jobner,JOB,75.4984928,26.9060036
Bobas,BOBS,75.5676741,26.9135978
Dhanakya,DNK,75.6054696,26.9184279
Ajmer Junction,AII,74.6374229,26.4559562
Gahlota,GLTA,74.9707538,26.6741732
Gegal Akhri,GEK,74.7777295,26.5422102
Kishangarh,KSG,74.8563597,26.5895507
Ladpura,LR,74.7345929,26.5092418
Madar,MD,74.6839162,26.4617254
Naraina,NRI,75.1923330,26.7961239
Sakhun,SK,75.0912756,26.7378132
Sali,SALI,75.0320355,26.7064414
Tilonia,TL,74.9374915,26.6553824
Daurai,DOZ,74.6197316,26.3963593
Lamana,LNA,74.4670059,26.2465973
Makrera,MKRA,74.5336126,26.3111534
Mangaliyawas,MLI,74.4950434,26.2801718
Sendra,SEU,74.1923766,26.0785850
Bagri Nagar,BQN,73.7878820,25.8955723
Bagri Sajjanpur,BGX,73.8245679,25.9184472
Banta Raghunathgarh,BGG,73.5274519,25.6022247
Bar,BAR,74.1111404,26.0641241
Bhagwanpura,BGPR,73.3545044,25.4080740
Bheslana,BILA,73.7171785,25.8238865
Bhinwaliya,BWA,73.4926234,25.5598749
Chandawal,CNL,73.8688870,25.9466892
Dhareshwar,DRS,73.6715735,25.7814611
Falna,FA,73.2351501,25.2359464
Guriya,GRI,73.9547468,25.9974781
Haripur,HP,74.0299066,26.0139948
Jawali,JAL,73.3964696,25.4624495
Khimel,KZQ,73.2778111,25.2974876
Marwar Junction,MJ:1;2;3;4,73.6098555,25.7213879
Rani,RANI,73.3109679,25.3487179
Sojat Road,SOD,73.7542302,25.8610570
Somesar,SOS,73.4508874,25.5202564
Abu Road,ABR,72.7852567,24.4812063
Banas,BNS,72.9892011,24.7136078
Bhimana,BMN,72.8868292,24.5958322
Jawai Bandh,JWB,73.1487237,25.1160889
Keshavganj,KVJ,73.0718607,24.8566140
Kivarli,KWI,72.8427840,24.5407056
Kothar,KTR,73.1238507,24.9801219
Maval,MAA,72.7116413,24.4318426
Mori Bera,MOI,73.1362344,25.0353557
Morthala,MXO,72.8036186,24.5029322
Nana,NANA,73.1098517,24.9246267
Sirohi Road,SOH,73.0396336,24.7911168
Swaroopganj,SRPJ,72.9328566,24.6598363
Hatundi,HTD,74.6494269,26.3657193
Jharwasaa,JWS,74.7051872,26.1952219
Nasirabad,NSD,74.7170432,26.2947182
Bandanwara,BDW,74.6911596,26.1232090
Barundini,BNDI,74.9342829,25.1762194
Lambiya,LMA,74.5870135,25.5844877
Mandalgarh,MLGH,75.0811226,25.1942551
Raila Road,RLR,74.5991449,25.6409422
Bundi,BUDI,75.6508912,25.4086173
Chaksu,CKS,75.9106317,26.5927432
Chauth ka Barwara,CKB,76.1492740,26.0507608
Devpura,DPZ,76.2540621,26.0318154
Durgapura,DPA,75.7870163,26.8550930
Shivdaspura Padampura,SAS,75.8846872,26.7098709
Siras,SRAS,76.0008282,26.2569561
Sureli,SURL,76.0303220,26.1705127
Govindi Marwar,GVMR,75.0929400,27.0314238
Gudha,GA,75.1287503,26.9504896
Kuchaman City,KMNC,74.8514749,27.0533888
Makrana Junction,MKN,74.7245909,27.0372688
Nawa City,NAC,75.0010302,27.0292553
Sambhar Lake,SBR,75.1798971,26.9038913
Bhimal,BIML,73.9224676,24.7524993
Bhupalsagar,BSJ,74.2116275,24.8473372
Debari,DRB,73.8049638,24.6195194
Fatehnagar,FAN,74.0962417,24.8181668
Kapasan,KIN,74.3110046,24.8614365
Khemli,KLH,73.8460786,24.6928934
Mavli Junction,MVJ,73.9738867,24.7942715
Pandoli,PMO,74.3995852,24.8663700
Vallabhnagar,VBN,74.0136014,24.7006087
Dungarpur,DNRP,73.6958272,23.8674556
Jai Samand Road,JYM,73.8689583,24.2214517
Kotana,KTOA,73.7266510,23.9170991
Kundalgarh,KDLG,73.8104451,24.0281986
Rikhabdev Road,RDD,73.7478817,23.9971093
Semari,SES,73.8417920,24.0701932
Udaipur City,UDZ,73.6995530,24.5674934
Zawar,ZW,73.7316097,24.3571961
Asranada,AAS,73.3057265,26.3973607
Banar,BNO,73.1470625,26.3395264
Bhagat Ki Kothi,BGKT,73.0146243,26.2506227
Jodhpur Junction,JU,73.0226091,26.2838023
Kheduli,KQW,74.0142982,26.7588772
Kheri Salwa,KSW,73.3899951,26.4282270
Merta Road Junction,MTD,73.9173496,26.7277217
Pipar Road Junction,PPR,73.4477495,26.4518710
Rai ka Bagh Palace,RKB,73.0402591,26.2916502
Salawas,SZ,73.0140987,26.1395711
Umed,UMED,73.7382178,26.6527894
Ajit,AJIT,72.6772110,25.8596511
Balotra,BLT,72.2472609,25.8301964
Baniya Sanda Dhora,BSDA,71.6682721,25.8597608
Barmer,BME,71.3972952,25.7461424
Baytu,BUT,71.7682713,25.8973073
Bhimarlai,BMQ,71.8820853,25.8930178
Dudia,DUK,72.9041324,25.9357764
Dundara,DOR,72.7974672,25.8957448
Gole,GOLE,71.9998910,25.8917882
Janiyana,JNE,72.3367930,25.8268206
Kavas,KVA,71.5483018,25.8703354
Luni Junction,LUNI,73.0036555,26.0020289
Parlu,PRU,72.4319245,25.8233333
Ramsar,RMX,70.8770988,25.7239295
Samdari Juntion,SMR,72.5737746,25.8371661
Tilwara,TWL,72.1088879,25.8859510
Utarlai,UTL,71.4688443,25.8139464
Nigohan,NHN,81.0460662,26.5675032
Kila Raipur,QRP,75.8269340,30.7587394
Badshahnagar,BNZ,80.9614569,26.8689884
Dornakal Junction,DKJ,80.1530929,17.4452618
Alamnagar,AMG,80.8683337,26.8416234
Dilawarnagar,DIL,80.6679078,26.9596701
Kakori,KKJ,80.8002247,26.8839780
Rahimabad,RBD,80.6040996,26.9977277
Barabanki Junction,BBK,81.1787492,26.9340514
Jugaur,JRR,81.0888944,26.8815593
Safedabad,SFH,81.1167756,26.8980333
Mohanlalganj,MLJ,80.9842657,26.6859203
Ghorpadi,GPR,73.8939317,18.5281480
Aralaguppe,ARGP,76.6134441,13.2533193
Amausi,AMS,80.8417357,26.7747282
Harauni,HRN,80.7478352,26.7063600
Piparsand,POF,80.7967500,26.7419456
Tirutangal Railway station,TTL,77.8099320,9.4767446
Malihabad,MLD,80.7148716,26.9309269
Tahsil Fatehpur,TSF,81.2038354,27.1684101
Soladevanahalli,SDVL,77.4900537,13.0914512
Umri,UMRI,77.6435429,19.0422957
Kondapalli,KI,80.5469943,16.6236778
Rayanapadu,RYP,80.5614840,16.5785558
Belthara Road,BLTR,83.8413544,26.1207383
Chirala,CLX,80.3541580,15.8311616
Badkulla,BDZ,88.5262366,23.3055131
Birnagar,BIJ,88.5518482,23.2362460
Beldanga,BEB,88.2431089,23.9333307
Berhampore Court,BPC,88.2641381,24.0897130
Bethuadahari,BTY,88.3844992,23.6113221
Debagram,DEB,88.3077492,23.6885674
Bhabta,BFT,88.2416238,23.9869493
Cossimbazar,CSZ,88.2674686,24.1198815
Krishnapur,KRP,88.2566475,24.4059584
New Balarampur Halt,NBPH,88.2470259,24.0488001
Pirtala,PRTL,88.2810260,24.3597319
Sargachhi,SGV,88.2443260,24.0181606
Subarnamrigi,SBNM,88.2938797,24.2835985
Bahaderpur,BPD,88.4640623,23.4388336
Dhubulia,DHU,88.4403571,23.4860165
Muragatcha,MGM,88.4210758,23.5299438
Rejinagar,REJ,88.2587650,23.8536615
Sirajnagar Halt,SRJN,88.2695233,23.8221617
Sonadanga,SVH,88.3535053,23.6379954
Bhalukmara,BLMR,94.1237886,26.6695942
Cinnamara,CMA,94.2396687,26.7064259
KENDUKANA,KDKN,91.6444667,26.3685696
Bhojo,BOJ,95.0323158,27.0634851
Naharkatiya,NHK,95.3296189,27.2892551
Namrup,NAM,95.3141847,27.1965638
Dhanera,DQN,72.0327870,24.5033573
Jari,JARI,72.0606838,24.5867464
Diyodar,DEOR,71.7694697,24.1124450
Jenal,JNZ,72.0381398,24.3276499
Varahi,VRX,71.4355602,23.8010383
Ramsan,RXN,72.0351355,24.4148048
Bhimasar,BMSR,70.8869195,23.5336609
Chitrod,COE,70.6659868,23.4372024
Lakadiya,LKZ,70.5782648,23.3403209
Adesar,AAR,70.9726083,23.5527625
Bhabhar,BAH,71.6154562,24.0648367
Pipli,PPLI,71.5164590,23.8144028
Palanpur Junction,PNU,72.4297463,24.1743077
Chandisar,CDS,72.3124341,24.2059782
Karjoda,KRJD,72.4573885,24.2214942
Chitrasani,CTT,72.4860739,24.2643611
Disa,DISA,72.1798375,24.2372229
Iqbal Gadh,IQG,72.5342274,24.3463741
Sarotra Road,SZA,72.5960950,24.3789230
Shri Amirgadh,SIM,72.6414027,24.4042622
Bhandu Motidau,BHU,72.3907384,23.6917752
Chhapi,CHP,72.4003572,24.0336286
Panchot,PHC,72.3375747,23.6356311
Umardashi,UM,72.4204217,24.0999642
Unjha,UJA,72.3818955,23.7968484
Kokrajhar,KOJ,90.2723834,26.4046377
Ichchapuram,IPM,84.6804107,19.1111553
Simhachalam,SCM,83.2206427,17.7452279
Karnal,KUN,76.9696015,29.6950751
Ambli Road,ABD,72.4927246,23.0535440
Pindial,PQL,79.4557756,17.9262047
Sri Kalahasti,KHT,79.6830001,13.7459350
Dudhwakhara,DKX,75.3232841,28.5800647
Hadyal,HYL,75.2685103,28.5325081
Suku,SUKU,82.7264511,18.7147907
Damanjodi,DMNJ,82.8651453,18.7693932
Dumuriput,DMRT,82.8039339,18.7802164
Koraput,KRPU,82.7191878,18.7920095
Marampalli,MRPL,81.6334843,16.8437921
Jagraon,JGN,75.4714935,30.8009821
Dhariwal,DHW,75.3241648,31.9514071
Shadnagar,SHNR,78.2132087,17.0644630
Balanagar,BABR,78.1892264,16.9479077
Curry Road,CRD,72.8329268,18.9942152
Nagari,NG,79.5790182,13.3077526
Nandikur,NAND,74.8058235,13.1327403
Tankuppa,TKN,85.1198543,24.7034654
Moth,MOTH,78.9472294,25.7399704
Chennai Beach,MSB,80.2924408,13.0938617
Chennai Egmore,MS,80.2615358,13.0779106
Kodambakkam,MKK,80.2306892,13.0516624
Mambalam,MBM,80.2277729,13.0380730
Nungambakkam,NBK,80.2327627,13.0655132
Perambur Carriage Works,PCW,80.2389389,13.1073124
Perambur,PER,80.2442421,13.1073558
Royapuram,RPM:1,80.2936736,13.1042650
Saidapet,SP,80.2237191,13.0233098
Chennai Central,MAS,80.2750788,13.0823593
Chepauk,MCPK,80.2807553,13.0626554
Thiruvallikeni,MTCN,80.2807305,13.0559613
Malur,MLO,77.9389511,12.9927453
Bhesana,BFY,72.3312372,23.4982430
Nabadwip Dham,NDAE,88.3566997,23.3975459
Kem,KEM,75.2746335,18.1767667
Amguri,AGI,94.5239174,26.8129862
Gumada,GMDA,83.4575223,18.8876224
Kuneru,KNRT,83.4401121,18.9673899
Gotlam,GTLM,83.3544375,18.2031794
Garudubilli,GRBL,83.3373079,18.2462723
Gajapatinagaram,GPI,83.3337987,18.2932945
Komatipalli,KMX,83.3414224,18.3810948
Donkinavalasa,DNV,83.3517204,18.4712479
Sitanagaram,SNM,83.3654612,18.6573054
Parvatipuram,PVP,83.4271570,18.7699030
Jhadupudi,JPI,84.6126576,19.0280045
Golanthra,GTA,84.7405194,19.2185898
Palasa,PSA,84.4222608,18.7567994
Summadevi,SUDV,84.4585664,18.7944778
Mandasa Road,MMS,84.4944675,18.8409212
Baruva,BAV,84.5546726,18.9010371
Pundi,PUN,84.3706175,18.6650124
Harishchandrapuram,HCM,84.1223110,18.4789896
Kotabommali,KBM,84.1996764,18.4879150
Srikakulam Road,CHE,83.9038874,18.4088178
Urlam,ULM,83.9884842,18.4345460
Tilaru,TIU,84.0723563,18.4700016
Gujjangivalasa,GUL,83.5051656,18.2258105
Garividi,GVI,83.5316577,18.2739648
Chipurupalle,CPP,83.5693526,18.3164556
Sigadam,SGDM,83.6814576,18.3603348
Nellimarla,NML,83.4593358,18.1882741
Mallividu,MVW,83.1729709,17.9704755
Tyada,TXD,83.0436628,18.2187830
Chimidipalli,CMDP,83.0771276,18.2626142
Kottavalasa Junction,KTV,83.1857811,17.8929826
Kantakpalle,KPL,83.2084308,17.9545477
Alamanda,ALM,83.2715741,18.0123670
Korukonda,KUK,83.3200652,18.0539063
Hamsavaram,HVM,82.4894997,17.3163415
Regupalem,REG,82.7905456,17.5053772
Bayyavaram,BVM,82.9301779,17.6597328
Durgada Gate,DGDG,82.3492675,17.2123825
Ravikampadu,RVD,82.3678469,17.2297582
Bikkavolu,BVL,82.0313151,16.9693047
Brahmanagudem,BMGM,81.6751689,16.9347156
Chagallu,CU,81.6899975,16.9639170
Pasivedala,PSDA,81.7009667,16.9934010
Unguturu,VGT,81.4260096,16.8250938
Chiluvur,CLVR,80.6173065,16.3802945
Kolanukonda,KAQ,80.6045067,16.4488854
Chinnaravuru,CIV,80.6562780,16.2236681
Raghavapuram,RGPM,79.4105862,18.6802390
Asifabad Road,ASAF,79.4166564,19.2584451
Sonegaon,SNN,78.7095934,20.6288701
Manoharabad,MOB,78.4542243,17.7555552
Wadiaram,WDR,78.4554965,17.9721482
Mirzapalli,MZL,78.4153163,18.0180529
Akanapet,AKE,78.3978264,18.1133146
Kamareddi,KMC,78.3357595,18.3254471
Jankampet Junction,JKM,78.0528682,18.7055699
Navipet,NVT,78.0158038,18.7670533
Bandarupalle,BDPL,80.3625198,16.3652404
Piduguralla,PGRL,79.8782226,16.4778095
Valigonda,VLG,79.0081156,17.3673204
Nallapadu,NLPD,80.3923898,16.3085542
Tsunduru,TSR,80.5860728,16.1572542
Angalakuduru,AKU,80.6108819,16.2454790
Peddavadlapudi,PVD,80.6130692,16.4142863
Modukuru,MDKU,80.5827836,16.1238040
Jandrapeta,JAQ,80.3331399,15.8090137
Ipurupalem,IPPM,80.3855568,15.8522619
Appikatla,APL,80.5146523,15.9706912
Nidubrolu,NDO,80.5578929,16.0688034
Uppugunduru,UGD,80.1928760,15.6490209
Ulavapadu,UPD,80.0132261,15.1670594
Singarayakonda,SKM,80.0265533,15.2538758
Talamanchi,TMC,79.9976570,14.6081538
Alluru Road,AXR,79.9890479,14.7099067
Namburu,NBR,80.4964858,16.3589939
Phirangipuram,PPM,80.2574592,16.2927568
Perecherla,PRCA,80.3395464,16.3189205
Malkapuram,MLK,77.9683143,15.3690079
Panyam,PNM,78.3408821,15.5004168
Krishnammakona,KEF,78.2546098,15.5051013
Tarlupadu,TLU,79.2204605,15.6597677
Markapur Road,MRK,79.3018278,15.7142575
Gajjelakonda,GJJ,79.3865032,15.7629033
Vinukonda,VKN,79.7492329,16.0514404
Maddikera,MKR,77.4120372,15.2565084
Jakkalacheruvu,JKO,77.7276204,15.1091843
Regadipalli,RLL,78.1360877,14.8142476
Tadipatri,TU,77.9755792,14.9092745
Komali,KMQA,77.9312059,14.9334701
Vemulapadu,VML,77.8534728,15.0184390
Kamalapuram,KKM,78.6668675,14.5923587
Yerragudipad,YGD,78.6104116,14.6165856
Kalamalla,KMH,78.4758866,14.6654070
Gangayapalle,GPY,78.7172965,14.5536401
Ontimitta,VNM,79.0175675,14.3922849
Bhakarapet,BKPT,78.9419724,14.4140189
Anantarajupet,ANE,79.3024202,13.9997441
Pullampet,PMT,79.2052023,14.1207242
Nandalur,NRE,79.1041562,14.2709434
Balapalle,BLPE,79.4064148,13.8114411
Renigunta Junction,RU,79.5067317,13.6385630
Yerpedu,YPD,79.5762615,13.6876869
Vendodu,VDD,79.7277206,14.0261911
Ekambarakuppam,EKM,79.5734554,13.3182150
Nemakallu,NMLU,77.3720946,15.3559798
Nagarur,NRR,77.3145602,15.5396090
Kupgal,KGL,77.2198452,15.7275935
Dharur,DRR,77.7581834,17.2889590
Godamgura,GDQ,77.8666955,17.2897567
Chitgidda,CTF,77.9734769,17.3940361
Kohir Deccan,KOHR,77.7117628,17.6097189
Bhogpur Sirwal,BPRS,75.6448193,31.5548362
Hadapsar,HDP,73.9278252,18.5269670
Loni,LONI,74.0207968,18.4908539
Manjari Budruk,MJBK,73.9715557,18.5125120
Ambur,AB,78.7221044,12.7839622
Ankola,ANKL,74.3320824,14.6455369
Balli,BLLI,74.0214441,15.1517965
Bijoor,BIJR,74.6426944,13.8219815
Harwada,HAA,74.2583490,14.7402948
Manki,MANK,74.4938898,14.1748013
Senapura,SEN,74.6845244,13.7180408
Lohian Khas Junction,LNK,75.1967503,31.1651834
Kedgaon,KDG,74.3767149,18.4820871
Khutbav,KTT,74.3160580,18.4861218
Yavat,YT,74.2562449,18.4892605
Haveri,HVR,75.4114599,14.7946631
Ratnagiri,RN,73.3581672,17.0032383
Savarda,SVX,73.5149760,17.4046189
Zarap,ZARP,73.7339056,15.9482981
Bitragunta,BTTR,79.9839068,14.7658967
Kurseong,KGN,88.2772471,26.8775885
Sonada,SAD,88.2736701,26.9607773
Tung,TUNG,88.2956204,26.9225408
Thokur,TOK,74.8294006,12.9632272
Gollaprolu,GLP,82.2905266,17.1513585
Kanniyakumari,CAPE,77.5465966,8.0879502
Annavaram,ANV,82.4192957,17.2693532
Capper Quarry,CQS,79.7476180,11.6804675
Agra City,AGA,78.0155552,27.1941789
Bichpuri,BCP,77.9144849,27.1765719
Bilochpura,BFP,77.9873093,27.2018265
Kiraoli,KLB,77.7857036,27.1338897
Yamuna Bridge,JAB,78.0391057,27.1923268
Kille,KII,79.7232584,11.4384520
Kaithal,KLE,76.3981365,29.7928996
Hanakere,HNK,76.9809789,12.5657811
Yeliyur,Y,76.8258588,12.5098478
Churchgate,CCG,72.8274168,18.9338344
Bandra Terminus,BDTS,72.8415701,19.0644462
Byculla,BY,72.8327936,18.9766219
Charni Road,CYR,72.8181254,18.9519869
Dadar (Central),DR,72.8437228,19.0179041
Dadar (Western),DDR,72.8427404,19.0190624
Mahim Junction,MM,72.8467270,19.0403597
Marine Lines,MEL,72.8238162,18.9456157
Mumbai Central,BCT,72.8192133,18.9701740
Panvel Junction,PNVL,73.1220393,18.9901800
Virar,VR,72.8122252,19.4542551
Vadippatti,VDP,77.9460329,10.0861950
Kattur,KTTR,78.8555355,10.8961006
Mandurai,MAND,78.7580711,10.8724795
Taraori,TRR,76.9382617,29.7978426
Deoria Sadar,DEOS,83.7819579,26.5079698
Fatehpur Sikri,FTS,77.6708431,27.0940986
Udgir,UDGR,77.1100158,18.3904850
Moga,MOGA,75.1676290,30.8174964
Ahmedabad Junction,ADI,72.6009772,23.0252699
Amritsar Junction,ASR,74.8671432,31.6332129
Sangolli Rayanna Railway Station,SBC:1,77.5692908,12.9781750
Hubli Junction,UBL,75.1489563,15.3505517
Jaipur Junction,JP,75.7866539,26.9207888
Jammu Tawi,JAT,74.8799925,32.7060401
Tiruchchirappalli Junction,TPJ,78.6853748,10.7941765
Trivandrum Central,TVC:1;2,76.9527716,8.4868931
Vadodara Junction,BRC,73.1808008,22.3110728
Allahabad Junction,ALD,81.8270717,25.4452811
Gaya Junction,GAYA,85.0000156,24.8034874
Guwahati,GHY,91.7500966,26.1822738
Kanpur Central,CNB,80.3506961,26.4547354
Kharagpur Junction,KGP:1;2,87.3272659,22.3406324
Mughal Sarai Junction,MGS,83.1207396,25.2803918
Muzaffarpur Junction,MFP,85.3789875,26.1218283
Bhubaneswar,BBS,85.8437586,20.2665668
Cuttack Junction,CTC,85.9003224,20.4645593
Puri,PURI,85.8377905,19.8079337
Raipur Junction,R,81.6298405,21.2567681
Bhusawal Junction,BSL,75.7884203,21.0473480
Gorakhpur Junction,GKP,83.3819746,26.7596666
Tatanagar Junction,TATA,86.2000139,22.7685259
Guntakal Junction,GTL,77.3675535,15.1750237
Mangalore Central,MAQ,74.8432387,12.8634037
Mysore City Junction,MYS,76.6452979,12.3166103
Salem Junction,SA,78.1135580,11.6699969
Tirupati,TPTY,79.4195276,13.6282907
Dibrugarh,DBRG,94.9370700,27.4647682
Katihar Junction,KIR,87.5652322,25.5479729
Kota Junction,KOTA,75.8808529,25.2239827
Dehradun,DDN,78.0336564,30.3143402
Katra,KEA,74.9355084,32.9824998
New Morinda,NMDA,76.5044903,30.7954880
Manoharpur,MOU,85.1979230,22.3738310
Kaukuntla,KQQ,77.8506539,16.5388524
Risia,RS,81.6067829,27.6881247
Jadcherla,JCL,78.1419780,16.7529924
Gollapally,GLY,78.1580408,16.8207165
Sattenapalle,SAP,80.1530389,16.4052433
Khammam,KMT,80.1388830,17.2490294
Dwarapudi,DWP,81.9207357,16.9276357
Amlai,AAL,81.5948525,23.1721711
Wani,WANI,78.9609735,20.0665299
Rajpipla,RAJ,73.5053990,21.8786813
Garhi Manikpur,GRMR,81.4144936,25.7766741
Ghazipur City,GCT,83.5682176,25.5835511
Jangipur Road,JRLE,88.0411639,24.4589988
Nagarsol,NSL,74.5422161,20.1025266
Tihu,TIHU,91.2684890,26.4713969
Thekeraguri,TGE,92.4346010,26.2061133
Niphad,NR,74.0794348,20.0969246
Mustabada,MBD,80.7318680,16.5469078
Gunadala,GALA,80.6732891,16.5382494
Vatlur,VAT,81.0486065,16.6961355
Gannavaram,GWM,80.7961580,16.5562840
Viravalli,VRVL,80.9121967,16.6162279
Pedda Avutapale,PAVP,80.8394143,16.5626779
Telaprolu,TOU,80.8904236,16.5987829
Denduluru,DEL,81.1806895,16.7818438
Sitampet,STPT,81.2101942,16.7970607
Chebrol,CEL,81.3959249,16.8196050
Badampudi,BPY,81.4738395,16.8281769
Kaikaram,KKRM,81.3640252,16.8152337
Nidadavolu Junction,NDD,81.6746910,16.8979501
Prattiapadu,PTPU,81.5753577,16.8184477
Bhiwapur,BWV,79.5116593,20.7697169
Kuhi,KUHI,79.3503025,21.0071063
Timmapuram,TMPM,82.4490537,17.2878852
Gullipadu,GLU,82.6339346,17.4099425
Elamanchili,YLM,82.8520732,17.5524806
Narsipatnam Road,NRP,82.7241745,17.4520223
Narasingapalli,NASP,82.8906866,17.6061626
Kasimkota,KSK,82.9643691,17.6736737
Marripalem,MIPM,83.2526675,17.7363922
Salwa,SAL,79.2929487,21.2362160
Bolarum,BMO,78.5154227,17.5335327
Alwal,ALW,78.5146695,17.5048022
Dondaicha,DDE,74.5615915,21.3321236
Cherukara,CQA,76.2276253,10.9264443
Lingeri Station,LGRE,77.1897497,16.6696952
Saidapur Station,SADP,77.2502426,16.5701404
Chegunta,CGTA,77.3015629,16.4857373
Sirpur Town,SRUR,79.5604703,19.4787622
Rechni Road,RECH,79.4515540,19.1405137
Masaipet,ME,78.4627524,17.9072380
Medchal,MED,78.4751103,17.6398386
Gowdavalli,GWV,78.4681597,17.6108742
Shankarpalli,SKP,78.1308564,17.4503825
Mailaram,MWY,77.8107526,17.2803527
Rukmapur,RMY,77.6803895,17.2756311
Marpalli,MRF,77.7719370,17.5458880
Hbl Nagar,HBLN,78.2744626,17.1343519
Rajapur,RJAP,78.1633738,16.8592427
Yenugonda,YNG,78.0354077,16.7578108
Arepalli Halt,ARPL,77.8629874,16.2712427
Itikyala,IKI,77.8520737,16.0739115
Konnur,KONN,77.8835133,16.4259525
Kotakadra,KTKA,77.8698885,16.6682936
Kurumurthi,KXI,77.8629117,16.4939742
Manopad,MOA,77.9409415,15.9953582
Manyamkonda,MQN,77.9059309,16.6834727
Sriramnagar,SRNR,77.8671941,16.3048667
Vishnupuram,VNUP,79.6378440,16.7083763
Lakkavarapukota,LVK,83.1467930,18.0221921
Gopalapatnam,GPT,83.1962855,17.7201109
Vejandla,VJA,80.5199513,16.2378363
Duggirala,DIG,80.6236040,16.3289483
Attili,AL,81.6161487,16.6791579
Lankalakoderu,LKDU,81.6791688,16.5341835
Srungavruksham,SGKM,81.6000462,16.5435522
Vendra,VND,81.5688442,16.5782826
Mandavalli,MDVL,81.1611581,16.5188907
Moturu,OTR,81.0519401,16.4405706
Nujella,NUJ,81.0221451,16.3874552
Pedana,PAV,81.1432142,16.2533499
Vadlamannadu,VMD,81.0963409,16.3019893
Bellamkonda,BMKD,80.0016835,16.4708180
Gudipudi,GPDE,80.1747307,16.4140149
Lingamguntla,LIN,80.2751059,16.4394706
Mandapadu,MDPD,80.3200697,16.3885898
Siripuram,SRPM,80.2954960,16.4133664
Tummalacheruvu,TMLU,79.8018041,16.5282923
Virapur,VP,77.1328525,15.1589432
Pamidi,PMD,77.5978626,14.9729874
Kosigi,KO,77.2362154,15.8458057
Basampalle,BSPL,77.7452730,14.3111921
Kothacheruvu,KTCR,77.7604864,14.1858621
Narayanapuram,NRYP,77.6960434,14.1285774
Aspari,ASP,77.3552187,15.4568060
Irangallu,EGU,77.2641800,15.8928188
Molagavalli,MGV,77.3700038,15.4064159
Kalasamudram,KCM,78.0985362,14.2176201
Panapakam,PAM,79.2110683,13.5129444
Kurabalakota,KBA,78.4855735,13.6672950
Pulicherla,PCL,79.0411729,13.5982446
Vayalpad,VLD,78.6223196,13.6339814
Yesvantpur Junction,YPR,77.5507701,13.0237734
Bapatla,BPP,80.4684343,15.9085599
Kadavakuduru,KVDU,80.2578777,15.7230431
Stuartpuram,SPF,80.4055852,15.8672330
Kondagunta,KQA,79.7945163,14.0801989
Nidigallu,NDZ,79.6613371,13.9886474
Cumbum,CBM,79.1126237,15.5928369
Gudimetta,GMA,79.0124584,15.4258020
Munumaka,MUK,79.9834660,16.1919388
Santamagulur,SAB,79.9307893,16.1566599
Satulur,STUR,80.1388380,16.2543039
Batuva,BTVA,83.6238226,18.3432360
Ponduru,PDU,83.7768379,18.3629997
Naupada Junction,NWP,84.2828680,18.5789202
Sompeta,SPT,84.5814560,18.9810776
Chiksugur,CK,77.3435204,16.3112431
Yadlapura,YDLP,77.3457648,16.3345207
Matmari,MTU,77.3024374,16.0461131
Marichethal,MRC,77.3094389,16.1098870
Isivi,ESV,77.2245500,15.6660401
Nancherla,NLA,77.3726182,15.2928903
Surla Road,SLRD,84.7188216,19.1765245
Chatrapur Court,CAPC,84.9828454,19.3593149
Barara,RAA,77.0384604,30.2127765
Thangundi Station,TGDE,77.0679504,16.8034007
Shampurahalli,SPHL,77.0334662,16.8756589
Rishikesh,RKSH,78.2878092,30.1077376
Durg,DURG,81.2924266,21.1999918
Tunia,TUX,85.4288515,22.5448776
Tohana,TUN,75.9029719,29.7265056
Uklana,UKN,75.8826340,29.5003185
Bhadan,BDN,78.7374434,26.9793539
Shantigrama,SIGA,76.2054047,12.9844266
Gumto,GMTO,93.7915200,27.1368531
Daulatabad,DLB,75.2098046,19.9166294
Palej,PLJ,73.0726151,21.9213812
Aurangabad,AWB,75.3114008,19.8597998
Khana Junction,KAN,87.7695684,23.3213641
Shalimar,SHM,88.3160980,22.5543067
Kudra,KTQ,83.7928561,25.0490209
Borivali,BVI,72.8568773,19.2287385
Kumbla,KMQ,74.9437113,12.5901413
Kannapuram,KPQ,75.3149271,11.9833459
Kilikollur,KLQ,76.6325790,8.9179173
Banapura,BPF,77.4812758,22.4703542
Saheli,SAHL,77.8162861,22.4535608
Powerkheda,PRKD,77.7478479,22.6736643
Kiratgarh,KRTH,77.7731151,22.5383418
Taku,TAKU,77.8198746,22.4885475
Muradnagar,MUD,77.5074934,28.7596280
Jakhim,JHN,84.5259872,24.8292448
Jehanabad,JHD,84.9910577,25.2265291
Elphinstone Road,EPR,72.8358110,19.0073600
Mandya,MYA,76.8967003,12.5288845
Chinchpokli,CHG,72.8327922,18.9873755
Parel,PR,72.8374018,19.0090879
Mohanur,MONR,78.1396503,11.0689913
Beas,BEAS,75.2906450,31.5202075
Khaltipur,KTJ,88.0223269,24.8756300
Lasalgaon,LS,74.2258438,20.1546054
Rampuri,RAMP,80.2549645,22.4089674
Kakinada Town,CCT,82.2334147,16.9676688
Medapadu,MPU,82.0970556,17.0053974
Kakinada Port,COA,82.2408568,16.9537666
Changotola,CGLA,80.1196699,22.2276379
Gudru Halt,GDU,80.1161550,22.2712281
Gangatola,GNGT,79.9948167,22.4049129
Nagarwara,NWA,80.1234546,22.2108403
Ashok Nagar,ASKN,80.2111918,13.0355229
Avadi,AVD,80.1015427,13.1182744
Dhalpukhuri,DHRY,92.9064800,25.9598593
Habaipur,HWX,92.9853332,25.8714570
Amoni,AONI,92.9198178,26.4482495
Dhamalgaon,DMGN,94.8376554,27.3875516
Sultanpur Kaliawas Halt,STKW,76.8687870,28.4605529
Farukhnagar,FN,76.8254198,28.4673751
Shahabad Mohammadpur,SMDP,77.0716978,28.5607303
Basai Dhankot,BDXT,76.9831100,28.4644814
Porbandar,PBR,69.6148973,21.6430365
Kapurthala,KXH,75.3825269,31.3663377
Kuttippuram,KTU,76.0336787,10.8456305
Gullaguda,GGD,78.0329959,17.4170464
Rohri Junction,ROH,68.8977595,27.6858004
Palani,PLNI,77.5209156,10.4583804
Dera Allah Yar,SHP,68.3561509,28.3717207
Bukhtiarabad Domki,BKDK,68.0097894,28.9909596
Nuttall,NTL,68.0769600,28.7512458
Sibi Junction,SIB,67.8701026,29.5476446
Arian Road,AOD,68.8139050,27.7321150
Gosarji,GSRJ,68.7624632,27.7769466
Habib Kot Junction,HBKJ,68.6610681,27.8722662
Damboli,DMB,67.9715807,29.0911462
Dera Murad Jamali,DMJJ,68.2202120,28.5484368
Dingra,DNF,67.8961657,29.2866616
Mangoli,MLE,68.2824792,28.4675038
Mushkaf,MKF,67.7305370,29.5647185
Panir,PIR,67.5461047,29.6756012
Pehro Kunri,PFK,67.6668895,29.6174358
Perak,PRQ,67.8434026,29.4662374
Peshi,PSI,67.4856387,29.7275678
Aab-e-Gum,ABG,67.4030506,29.8039595
